country	subject	sex	measure	frequency	year	value
Australia	PISAMATH	BOY	MEANSCORE	A	2003	527
Australia	PISAMATH	BOY	MEANSCORE	A	2006	527
Australia	PISAMATH	BOY	MEANSCORE	A	2009	519
Australia	PISAMATH	BOY	MEANSCORE	A	2012	510
Australia	PISAMATH	BOY	MEANSCORE	A	2015	497
Australia	PISAMATH	GIRL	MEANSCORE	A	2003	522
Australia	PISAMATH	GIRL	MEANSCORE	A	2006	513
Australia	PISAMATH	GIRL	MEANSCORE	A	2009	509
Australia	PISAMATH	GIRL	MEANSCORE	A	2012	498
Australia	PISAMATH	GIRL	MEANSCORE	A	2015	491
Austria	PISAMATH	BOY	MEANSCORE	A	2003	509
Austria	PISAMATH	BOY	MEANSCORE	A	2006	517
Austria	PISAMATH	BOY	MEANSCORE	A	2012	517
Austria	PISAMATH	BOY	MEANSCORE	A	2015	510
Austria	PISAMATH	GIRL	MEANSCORE	A	2003	502
Austria	PISAMATH	GIRL	MEANSCORE	A	2006	494
Austria	PISAMATH	GIRL	MEANSCORE	A	2012	494
Austria	PISAMATH	GIRL	MEANSCORE	A	2015	483
Belgium	PISAMATH	BOY	MEANSCORE	A	2003	533
Belgium	PISAMATH	BOY	MEANSCORE	A	2006	524
Belgium	PISAMATH	BOY	MEANSCORE	A	2009	526
Belgium	PISAMATH	BOY	MEANSCORE	A	2012	520
Belgium	PISAMATH	BOY	MEANSCORE	A	2015	514
Belgium	PISAMATH	GIRL	MEANSCORE	A	2003	525
Belgium	PISAMATH	GIRL	MEANSCORE	A	2006	517
Belgium	PISAMATH	GIRL	MEANSCORE	A	2009	504
Belgium	PISAMATH	GIRL	MEANSCORE	A	2012	509
Belgium	PISAMATH	GIRL	MEANSCORE	A	2015	500
Canada	PISAMATH	BOY	MEANSCORE	A	2003	541
Canada	PISAMATH	BOY	MEANSCORE	A	2006	534
Canada	PISAMATH	BOY	MEANSCORE	A	2009	533
Canada	PISAMATH	BOY	MEANSCORE	A	2012	523
Canada	PISAMATH	BOY	MEANSCORE	A	2015	520
Canada	PISAMATH	GIRL	MEANSCORE	A	2003	530
Canada	PISAMATH	GIRL	MEANSCORE	A	2006	520
Canada	PISAMATH	GIRL	MEANSCORE	A	2009	521
Canada	PISAMATH	GIRL	MEANSCORE	A	2012	513
Canada	PISAMATH	GIRL	MEANSCORE	A	2015	511
Czech Republic	PISAMATH	BOY	MEANSCORE	A	2003	524
Czech Republic	PISAMATH	BOY	MEANSCORE	A	2006	514
Czech Republic	PISAMATH	BOY	MEANSCORE	A	2009	495
Czech Republic	PISAMATH	BOY	MEANSCORE	A	2012	505
Czech Republic	PISAMATH	BOY	MEANSCORE	A	2015	496
Czech Republic	PISAMATH	GIRL	MEANSCORE	A	2003	509
Czech Republic	PISAMATH	GIRL	MEANSCORE	A	2006	504
Czech Republic	PISAMATH	GIRL	MEANSCORE	A	2009	490
Czech Republic	PISAMATH	GIRL	MEANSCORE	A	2012	493
Czech Republic	PISAMATH	GIRL	MEANSCORE	A	2015	489
Denmark	PISAMATH	BOY	MEANSCORE	A	2003	523
Denmark	PISAMATH	BOY	MEANSCORE	A	2006	518
Denmark	PISAMATH	BOY	MEANSCORE	A	2009	511
Denmark	PISAMATH	BOY	MEANSCORE	A	2012	507
Denmark	PISAMATH	BOY	MEANSCORE	A	2015	516
Denmark	PISAMATH	GIRL	MEANSCORE	A	2003	506
Denmark	PISAMATH	GIRL	MEANSCORE	A	2006	508
Denmark	PISAMATH	GIRL	MEANSCORE	A	2009	495
Denmark	PISAMATH	GIRL	MEANSCORE	A	2012	493
Denmark	PISAMATH	GIRL	MEANSCORE	A	2015	506
Finland	PISAMATH	BOY	MEANSCORE	A	2003	548
Finland	PISAMATH	BOY	MEANSCORE	A	2006	554
Finland	PISAMATH	BOY	MEANSCORE	A	2009	542
Finland	PISAMATH	BOY	MEANSCORE	A	2012	517
Finland	PISAMATH	BOY	MEANSCORE	A	2015	507
Finland	PISAMATH	GIRL	MEANSCORE	A	2003	541
Finland	PISAMATH	GIRL	MEANSCORE	A	2006	543
Finland	PISAMATH	GIRL	MEANSCORE	A	2009	539
Finland	PISAMATH	GIRL	MEANSCORE	A	2012	520
Finland	PISAMATH	GIRL	MEANSCORE	A	2015	515
France	PISAMATH	BOY	MEANSCORE	A	2003	515
France	PISAMATH	BOY	MEANSCORE	A	2006	499
France	PISAMATH	BOY	MEANSCORE	A	2009	505
France	PISAMATH	BOY	MEANSCORE	A	2012	499
France	PISAMATH	BOY	MEANSCORE	A	2015	496
France	PISAMATH	GIRL	MEANSCORE	A	2003	507
France	PISAMATH	GIRL	MEANSCORE	A	2006	492
France	PISAMATH	GIRL	MEANSCORE	A	2009	489
France	PISAMATH	GIRL	MEANSCORE	A	2012	491
France	PISAMATH	GIRL	MEANSCORE	A	2015	490
Germany	PISAMATH	BOY	MEANSCORE	A	2003	508
Germany	PISAMATH	BOY	MEANSCORE	A	2006	513
Germany	PISAMATH	BOY	MEANSCORE	A	2009	520
Germany	PISAMATH	BOY	MEANSCORE	A	2012	520
Germany	PISAMATH	BOY	MEANSCORE	A	2015	514
Germany	PISAMATH	GIRL	MEANSCORE	A	2003	499
Germany	PISAMATH	GIRL	MEANSCORE	A	2006	494
Germany	PISAMATH	GIRL	MEANSCORE	A	2009	505
Germany	PISAMATH	GIRL	MEANSCORE	A	2012	507
Germany	PISAMATH	GIRL	MEANSCORE	A	2015	498
Greece	PISAMATH	BOY	MEANSCORE	A	2003	455
Greece	PISAMATH	BOY	MEANSCORE	A	2006	462
Greece	PISAMATH	BOY	MEANSCORE	A	2009	473
Greece	PISAMATH	BOY	MEANSCORE	A	2012	457
Greece	PISAMATH	BOY	MEANSCORE	A	2015	454
Greece	PISAMATH	GIRL	MEANSCORE	A	2003	436
Greece	PISAMATH	GIRL	MEANSCORE	A	2006	457
Greece	PISAMATH	GIRL	MEANSCORE	A	2009	459
Greece	PISAMATH	GIRL	MEANSCORE	A	2012	449
Greece	PISAMATH	GIRL	MEANSCORE	A	2015	454
Hungary	PISAMATH	BOY	MEANSCORE	A	2003	494
Hungary	PISAMATH	BOY	MEANSCORE	A	2006	496
Hungary	PISAMATH	BOY	MEANSCORE	A	2009	496
Hungary	PISAMATH	BOY	MEANSCORE	A	2012	482
Hungary	PISAMATH	BOY	MEANSCORE	A	2015	481
Hungary	PISAMATH	GIRL	MEANSCORE	A	2003	486
Hungary	PISAMATH	GIRL	MEANSCORE	A	2006	486
Hungary	PISAMATH	GIRL	MEANSCORE	A	2009	484
Hungary	PISAMATH	GIRL	MEANSCORE	A	2012	473
Hungary	PISAMATH	GIRL	MEANSCORE	A	2015	473
Iceland	PISAMATH	BOY	MEANSCORE	A	2003	508
Iceland	PISAMATH	BOY	MEANSCORE	A	2006	503
Iceland	PISAMATH	BOY	MEANSCORE	A	2009	508
Iceland	PISAMATH	BOY	MEANSCORE	A	2012	490
Iceland	PISAMATH	BOY	MEANSCORE	A	2015	487
Iceland	PISAMATH	GIRL	MEANSCORE	A	2003	523
Iceland	PISAMATH	GIRL	MEANSCORE	A	2006	508
Iceland	PISAMATH	GIRL	MEANSCORE	A	2009	505
Iceland	PISAMATH	GIRL	MEANSCORE	A	2012	496
Iceland	PISAMATH	GIRL	MEANSCORE	A	2015	489
Ireland	PISAMATH	BOY	MEANSCORE	A	2003	510
Ireland	PISAMATH	BOY	MEANSCORE	A	2006	507
Ireland	PISAMATH	BOY	MEANSCORE	A	2009	491
Ireland	PISAMATH	BOY	MEANSCORE	A	2012	509
Ireland	PISAMATH	BOY	MEANSCORE	A	2015	512
Ireland	PISAMATH	GIRL	MEANSCORE	A	2003	495
Ireland	PISAMATH	GIRL	MEANSCORE	A	2006	496
Ireland	PISAMATH	GIRL	MEANSCORE	A	2009	483
Ireland	PISAMATH	GIRL	MEANSCORE	A	2012	494
Ireland	PISAMATH	GIRL	MEANSCORE	A	2015	495
Italy	PISAMATH	BOY	MEANSCORE	A	2003	475
Italy	PISAMATH	BOY	MEANSCORE	A	2006	470
Italy	PISAMATH	BOY	MEANSCORE	A	2009	490
Italy	PISAMATH	BOY	MEANSCORE	A	2012	494
Italy	PISAMATH	BOY	MEANSCORE	A	2015	500
Italy	PISAMATH	GIRL	MEANSCORE	A	2003	457
Italy	PISAMATH	GIRL	MEANSCORE	A	2006	453
Italy	PISAMATH	GIRL	MEANSCORE	A	2009	475
Italy	PISAMATH	GIRL	MEANSCORE	A	2012	476
Italy	PISAMATH	GIRL	MEANSCORE	A	2015	480
Japan	PISAMATH	BOY	MEANSCORE	A	2003	539
Japan	PISAMATH	BOY	MEANSCORE	A	2006	533
Japan	PISAMATH	BOY	MEANSCORE	A	2009	534
Japan	PISAMATH	BOY	MEANSCORE	A	2012	545
Japan	PISAMATH	BOY	MEANSCORE	A	2015	539
Japan	PISAMATH	GIRL	MEANSCORE	A	2003	530
Japan	PISAMATH	GIRL	MEANSCORE	A	2006	513
Japan	PISAMATH	GIRL	MEANSCORE	A	2009	524
Japan	PISAMATH	GIRL	MEANSCORE	A	2012	527
Japan	PISAMATH	GIRL	MEANSCORE	A	2015	525
Korea	PISAMATH	BOY	MEANSCORE	A	2003	552
Korea	PISAMATH	BOY	MEANSCORE	A	2006	552
Korea	PISAMATH	BOY	MEANSCORE	A	2009	548
Korea	PISAMATH	BOY	MEANSCORE	A	2012	562
Korea	PISAMATH	BOY	MEANSCORE	A	2015	521
Korea	PISAMATH	GIRL	MEANSCORE	A	2003	528
Korea	PISAMATH	GIRL	MEANSCORE	A	2006	543
Korea	PISAMATH	GIRL	MEANSCORE	A	2009	544
Korea	PISAMATH	GIRL	MEANSCORE	A	2012	544
Korea	PISAMATH	GIRL	MEANSCORE	A	2015	528
Luxembourg	PISAMATH	BOY	MEANSCORE	A	2003	502
Luxembourg	PISAMATH	BOY	MEANSCORE	A	2006	498
Luxembourg	PISAMATH	BOY	MEANSCORE	A	2009	499
Luxembourg	PISAMATH	BOY	MEANSCORE	A	2012	502
Luxembourg	PISAMATH	BOY	MEANSCORE	A	2015	491
Luxembourg	PISAMATH	GIRL	MEANSCORE	A	2003	485
Luxembourg	PISAMATH	GIRL	MEANSCORE	A	2006	482
Luxembourg	PISAMATH	GIRL	MEANSCORE	A	2009	479
Luxembourg	PISAMATH	GIRL	MEANSCORE	A	2012	477
Luxembourg	PISAMATH	GIRL	MEANSCORE	A	2015	480
Mexico	PISAMATH	BOY	MEANSCORE	A	2003	391
Mexico	PISAMATH	BOY	MEANSCORE	A	2006	410
Mexico	PISAMATH	BOY	MEANSCORE	A	2009	425
Mexico	PISAMATH	BOY	MEANSCORE	A	2012	420
Mexico	PISAMATH	BOY	MEANSCORE	A	2015	412
Mexico	PISAMATH	GIRL	MEANSCORE	A	2003	380
Mexico	PISAMATH	GIRL	MEANSCORE	A	2006	401
Mexico	PISAMATH	GIRL	MEANSCORE	A	2009	412
Mexico	PISAMATH	GIRL	MEANSCORE	A	2012	406
Mexico	PISAMATH	GIRL	MEANSCORE	A	2015	404
Netherlands	PISAMATH	BOY	MEANSCORE	A	2003	540
Netherlands	PISAMATH	BOY	MEANSCORE	A	2006	537
Netherlands	PISAMATH	BOY	MEANSCORE	A	2009	534
Netherlands	PISAMATH	BOY	MEANSCORE	A	2012	528
Netherlands	PISAMATH	BOY	MEANSCORE	A	2015	513
Netherlands	PISAMATH	GIRL	MEANSCORE	A	2003	535
Netherlands	PISAMATH	GIRL	MEANSCORE	A	2006	524
Netherlands	PISAMATH	GIRL	MEANSCORE	A	2009	517
Netherlands	PISAMATH	GIRL	MEANSCORE	A	2012	518
Netherlands	PISAMATH	GIRL	MEANSCORE	A	2015	511
New Zealand	PISAMATH	BOY	MEANSCORE	A	2003	531
New Zealand	PISAMATH	BOY	MEANSCORE	A	2006	527
New Zealand	PISAMATH	BOY	MEANSCORE	A	2009	523
New Zealand	PISAMATH	BOY	MEANSCORE	A	2012	507
New Zealand	PISAMATH	BOY	MEANSCORE	A	2015	499
New Zealand	PISAMATH	GIRL	MEANSCORE	A	2003	516
New Zealand	PISAMATH	GIRL	MEANSCORE	A	2006	517
New Zealand	PISAMATH	GIRL	MEANSCORE	A	2009	515
New Zealand	PISAMATH	GIRL	MEANSCORE	A	2012	492
New Zealand	PISAMATH	GIRL	MEANSCORE	A	2015	491
Norway	PISAMATH	BOY	MEANSCORE	A	2003	498
Norway	PISAMATH	BOY	MEANSCORE	A	2006	493
Norway	PISAMATH	BOY	MEANSCORE	A	2009	500
Norway	PISAMATH	BOY	MEANSCORE	A	2012	490
Norway	PISAMATH	BOY	MEANSCORE	A	2015	501
Norway	PISAMATH	GIRL	MEANSCORE	A	2003	492
Norway	PISAMATH	GIRL	MEANSCORE	A	2006	487
Norway	PISAMATH	GIRL	MEANSCORE	A	2009	495
Norway	PISAMATH	GIRL	MEANSCORE	A	2012	488
Norway	PISAMATH	GIRL	MEANSCORE	A	2015	503
Poland	PISAMATH	BOY	MEANSCORE	A	2003	493
Poland	PISAMATH	BOY	MEANSCORE	A	2006	500
Poland	PISAMATH	BOY	MEANSCORE	A	2009	497
Poland	PISAMATH	BOY	MEANSCORE	A	2012	520
Poland	PISAMATH	BOY	MEANSCORE	A	2015	510
Poland	PISAMATH	GIRL	MEANSCORE	A	2003	487
Poland	PISAMATH	GIRL	MEANSCORE	A	2006	491
Poland	PISAMATH	GIRL	MEANSCORE	A	2009	493
Poland	PISAMATH	GIRL	MEANSCORE	A	2012	516
Poland	PISAMATH	GIRL	MEANSCORE	A	2015	499
Portugal	PISAMATH	BOY	MEANSCORE	A	2003	472
Portugal	PISAMATH	BOY	MEANSCORE	A	2006	474
Portugal	PISAMATH	BOY	MEANSCORE	A	2009	493
Portugal	PISAMATH	BOY	MEANSCORE	A	2012	493
Portugal	PISAMATH	BOY	MEANSCORE	A	2015	497
Portugal	PISAMATH	GIRL	MEANSCORE	A	2003	460
Portugal	PISAMATH	GIRL	MEANSCORE	A	2006	459
Portugal	PISAMATH	GIRL	MEANSCORE	A	2009	481
Portugal	PISAMATH	GIRL	MEANSCORE	A	2012	481
Portugal	PISAMATH	GIRL	MEANSCORE	A	2015	487
Slovakia	PISAMATH	BOY	MEANSCORE	A	2003	507
Slovakia	PISAMATH	BOY	MEANSCORE	A	2006	499
Slovakia	PISAMATH	BOY	MEANSCORE	A	2009	498
Slovakia	PISAMATH	BOY	MEANSCORE	A	2012	486
Slovakia	PISAMATH	BOY	MEANSCORE	A	2015	478
Slovakia	PISAMATH	GIRL	MEANSCORE	A	2003	489
Slovakia	PISAMATH	GIRL	MEANSCORE	A	2006	485
Slovakia	PISAMATH	GIRL	MEANSCORE	A	2009	495
Slovakia	PISAMATH	GIRL	MEANSCORE	A	2012	477
Slovakia	PISAMATH	GIRL	MEANSCORE	A	2015	472
Spain	PISAMATH	BOY	MEANSCORE	A	2003	490
Spain	PISAMATH	BOY	MEANSCORE	A	2006	484
Spain	PISAMATH	BOY	MEANSCORE	A	2009	493
Spain	PISAMATH	BOY	MEANSCORE	A	2012	492
Spain	PISAMATH	BOY	MEANSCORE	A	2015	494
Spain	PISAMATH	GIRL	MEANSCORE	A	2003	481
Spain	PISAMATH	GIRL	MEANSCORE	A	2006	476
Spain	PISAMATH	GIRL	MEANSCORE	A	2009	474
Spain	PISAMATH	GIRL	MEANSCORE	A	2012	476
Spain	PISAMATH	GIRL	MEANSCORE	A	2015	478
Sweden	PISAMATH	BOY	MEANSCORE	A	2003	512
Sweden	PISAMATH	BOY	MEANSCORE	A	2006	505
Sweden	PISAMATH	BOY	MEANSCORE	A	2009	493
Sweden	PISAMATH	BOY	MEANSCORE	A	2012	477
Sweden	PISAMATH	BOY	MEANSCORE	A	2015	493
Sweden	PISAMATH	GIRL	MEANSCORE	A	2003	506
Sweden	PISAMATH	GIRL	MEANSCORE	A	2006	500
Sweden	PISAMATH	GIRL	MEANSCORE	A	2009	495
Sweden	PISAMATH	GIRL	MEANSCORE	A	2012	480
Sweden	PISAMATH	GIRL	MEANSCORE	A	2015	495
Switzerland	PISAMATH	BOY	MEANSCORE	A	2003	535
Switzerland	PISAMATH	BOY	MEANSCORE	A	2006	536
Switzerland	PISAMATH	BOY	MEANSCORE	A	2009	544
Switzerland	PISAMATH	BOY	MEANSCORE	A	2012	537
Switzerland	PISAMATH	BOY	MEANSCORE	A	2015	527
Switzerland	PISAMATH	GIRL	MEANSCORE	A	2003	518
Switzerland	PISAMATH	GIRL	MEANSCORE	A	2006	523
Switzerland	PISAMATH	GIRL	MEANSCORE	A	2009	524
Switzerland	PISAMATH	GIRL	MEANSCORE	A	2012	524
Switzerland	PISAMATH	GIRL	MEANSCORE	A	2015	515
Turkey	PISAMATH	BOY	MEANSCORE	A	2003	430
Turkey	PISAMATH	BOY	MEANSCORE	A	2006	427
Turkey	PISAMATH	BOY	MEANSCORE	A	2009	451
Turkey	PISAMATH	BOY	MEANSCORE	A	2012	452
Turkey	PISAMATH	BOY	MEANSCORE	A	2015	423
Turkey	PISAMATH	GIRL	MEANSCORE	A	2003	415
Turkey	PISAMATH	GIRL	MEANSCORE	A	2006	421
Turkey	PISAMATH	GIRL	MEANSCORE	A	2009	440
Turkey	PISAMATH	GIRL	MEANSCORE	A	2012	444
Turkey	PISAMATH	GIRL	MEANSCORE	A	2015	418
United Kingdom	PISAMATH	BOY	MEANSCORE	A	2006	504
United Kingdom	PISAMATH	BOY	MEANSCORE	A	2009	503
United Kingdom	PISAMATH	BOY	MEANSCORE	A	2012	500
United Kingdom	PISAMATH	BOY	MEANSCORE	A	2015	498
United Kingdom	PISAMATH	GIRL	MEANSCORE	A	2006	487
United Kingdom	PISAMATH	GIRL	MEANSCORE	A	2009	482
United Kingdom	PISAMATH	GIRL	MEANSCORE	A	2012	488
United Kingdom	PISAMATH	GIRL	MEANSCORE	A	2015	487
United States	PISAMATH	BOY	MEANSCORE	A	2003	486
United States	PISAMATH	BOY	MEANSCORE	A	2006	479
United States	PISAMATH	BOY	MEANSCORE	A	2009	497
United States	PISAMATH	BOY	MEANSCORE	A	2012	484
United States	PISAMATH	BOY	MEANSCORE	A	2015	474
United States	PISAMATH	GIRL	MEANSCORE	A	2003	480
United States	PISAMATH	GIRL	MEANSCORE	A	2006	470
United States	PISAMATH	GIRL	MEANSCORE	A	2009	477
United States	PISAMATH	GIRL	MEANSCORE	A	2012	479
United States	PISAMATH	GIRL	MEANSCORE	A	2015	465
Brazil	PISAMATH	BOY	MEANSCORE	A	2003	365
Brazil	PISAMATH	BOY	MEANSCORE	A	2006	380
Brazil	PISAMATH	BOY	MEANSCORE	A	2009	394
Brazil	PISAMATH	BOY	MEANSCORE	A	2012	401
Brazil	PISAMATH	BOY	MEANSCORE	A	2015	385
Brazil	PISAMATH	GIRL	MEANSCORE	A	2003	348
Brazil	PISAMATH	GIRL	MEANSCORE	A	2006	361
Brazil	PISAMATH	GIRL	MEANSCORE	A	2009	379
Brazil	PISAMATH	GIRL	MEANSCORE	A	2012	383
Brazil	PISAMATH	GIRL	MEANSCORE	A	2015	370
Chile	PISAMATH	BOY	MEANSCORE	A	2006	424
Chile	PISAMATH	BOY	MEANSCORE	A	2009	431
Chile	PISAMATH	BOY	MEANSCORE	A	2012	436
Chile	PISAMATH	BOY	MEANSCORE	A	2015	432
Chile	PISAMATH	GIRL	MEANSCORE	A	2006	396
Chile	PISAMATH	GIRL	MEANSCORE	A	2009	410
Chile	PISAMATH	GIRL	MEANSCORE	A	2012	411
Chile	PISAMATH	GIRL	MEANSCORE	A	2015	413
Estonia	PISAMATH	BOY	MEANSCORE	A	2006	515
Estonia	PISAMATH	BOY	MEANSCORE	A	2009	516
Estonia	PISAMATH	BOY	MEANSCORE	A	2012	523
Estonia	PISAMATH	BOY	MEANSCORE	A	2015	522
Estonia	PISAMATH	GIRL	MEANSCORE	A	2006	514
Estonia	PISAMATH	GIRL	MEANSCORE	A	2009	508
Estonia	PISAMATH	GIRL	MEANSCORE	A	2012	518
Estonia	PISAMATH	GIRL	MEANSCORE	A	2015	517
Indonesia	PISAMATH	BOY	MEANSCORE	A	2003	362
Indonesia	PISAMATH	BOY	MEANSCORE	A	2006	399
Indonesia	PISAMATH	BOY	MEANSCORE	A	2009	371
Indonesia	PISAMATH	BOY	MEANSCORE	A	2012	377
Indonesia	PISAMATH	BOY	MEANSCORE	A	2015	385
Indonesia	PISAMATH	GIRL	MEANSCORE	A	2003	358
Indonesia	PISAMATH	GIRL	MEANSCORE	A	2006	382
Indonesia	PISAMATH	GIRL	MEANSCORE	A	2009	372
Indonesia	PISAMATH	GIRL	MEANSCORE	A	2012	373
Indonesia	PISAMATH	GIRL	MEANSCORE	A	2015	387
Israel	PISAMATH	BOY	MEANSCORE	A	2006	448
Israel	PISAMATH	BOY	MEANSCORE	A	2009	451
Israel	PISAMATH	BOY	MEANSCORE	A	2012	472
Israel	PISAMATH	BOY	MEANSCORE	A	2015	474
Israel	PISAMATH	GIRL	MEANSCORE	A	2006	436
Israel	PISAMATH	GIRL	MEANSCORE	A	2009	443
Israel	PISAMATH	GIRL	MEANSCORE	A	2012	461
Israel	PISAMATH	GIRL	MEANSCORE	A	2015	466
Russia	PISAMATH	BOY	MEANSCORE	A	2003	473
Russia	PISAMATH	BOY	MEANSCORE	A	2009	469
Russia	PISAMATH	BOY	MEANSCORE	A	2012	481
Russia	PISAMATH	BOY	MEANSCORE	A	2015	497
Russia	PISAMATH	GIRL	MEANSCORE	A	2003	463
Russia	PISAMATH	GIRL	MEANSCORE	A	2009	467
Russia	PISAMATH	GIRL	MEANSCORE	A	2012	483
Russia	PISAMATH	GIRL	MEANSCORE	A	2015	491
Slovenia	PISAMATH	BOY	MEANSCORE	A	2006	507
Slovenia	PISAMATH	BOY	MEANSCORE	A	2009	502
Slovenia	PISAMATH	BOY	MEANSCORE	A	2012	503
Slovenia	PISAMATH	BOY	MEANSCORE	A	2015	512
Slovenia	PISAMATH	GIRL	MEANSCORE	A	2006	502
Slovenia	PISAMATH	GIRL	MEANSCORE	A	2009	501
Slovenia	PISAMATH	GIRL	MEANSCORE	A	2012	499
Slovenia	PISAMATH	GIRL	MEANSCORE	A	2015	508
OAVG	PISAMATH	BOY	MEANSCORE	A	2003	505
OAVG	PISAMATH	BOY	MEANSCORE	A	2006	500
OAVG	PISAMATH	BOY	MEANSCORE	A	2009	501
OAVG	PISAMATH	BOY	MEANSCORE	A	2012	499
OAVG	PISAMATH	BOY	MEANSCORE	A	2015	494
OAVG	PISAMATH	GIRL	MEANSCORE	A	2003	495
OAVG	PISAMATH	GIRL	MEANSCORE	A	2006	489
OAVG	PISAMATH	GIRL	MEANSCORE	A	2009	490
OAVG	PISAMATH	GIRL	MEANSCORE	A	2012	489
OAVG	PISAMATH	GIRL	MEANSCORE	A	2015	486
Latvia	PISAMATH	BOY	MEANSCORE	A	2015	481
Latvia	PISAMATH	GIRL	MEANSCORE	A	2015	483
Australia	PISAMATH	TOT	MEANSCORE	A	2003	524
Australia	PISAMATH	TOT	MEANSCORE	A	2006	520
Australia	PISAMATH	TOT	MEANSCORE	A	2009	514
Australia	PISAMATH	TOT	MEANSCORE	A	2012	504
Australia	PISAMATH	TOT	MEANSCORE	A	2015	494
Austria	PISAMATH	TOT	MEANSCORE	A	2003	506
Austria	PISAMATH	TOT	MEANSCORE	A	2006	505
Austria	PISAMATH	TOT	MEANSCORE	A	2012	506
Austria	PISAMATH	TOT	MEANSCORE	A	2015	497
Belgium	PISAMATH	TOT	MEANSCORE	A	2003	529
Belgium	PISAMATH	TOT	MEANSCORE	A	2006	520
Belgium	PISAMATH	TOT	MEANSCORE	A	2009	515
Belgium	PISAMATH	TOT	MEANSCORE	A	2012	515
Belgium	PISAMATH	TOT	MEANSCORE	A	2015	507
Canada	PISAMATH	TOT	MEANSCORE	A	2003	532
Canada	PISAMATH	TOT	MEANSCORE	A	2006	527
Canada	PISAMATH	TOT	MEANSCORE	A	2009	527
Canada	PISAMATH	TOT	MEANSCORE	A	2012	518
Canada	PISAMATH	TOT	MEANSCORE	A	2015	516
Czech Republic	PISAMATH	TOT	MEANSCORE	A	2003	516
Czech Republic	PISAMATH	TOT	MEANSCORE	A	2006	510
Czech Republic	PISAMATH	TOT	MEANSCORE	A	2009	493
Czech Republic	PISAMATH	TOT	MEANSCORE	A	2012	499
Czech Republic	PISAMATH	TOT	MEANSCORE	A	2015	492
Denmark	PISAMATH	TOT	MEANSCORE	A	2003	514
Denmark	PISAMATH	TOT	MEANSCORE	A	2006	513
Denmark	PISAMATH	TOT	MEANSCORE	A	2009	503
Denmark	PISAMATH	TOT	MEANSCORE	A	2012	500
Denmark	PISAMATH	TOT	MEANSCORE	A	2015	511
Finland	PISAMATH	TOT	MEANSCORE	A	2003	544
Finland	PISAMATH	TOT	MEANSCORE	A	2006	548
Finland	PISAMATH	TOT	MEANSCORE	A	2009	541
Finland	PISAMATH	TOT	MEANSCORE	A	2012	519
Finland	PISAMATH	TOT	MEANSCORE	A	2015	511
France	PISAMATH	TOT	MEANSCORE	A	2003	511
France	PISAMATH	TOT	MEANSCORE	A	2006	496
France	PISAMATH	TOT	MEANSCORE	A	2009	497
France	PISAMATH	TOT	MEANSCORE	A	2012	495
France	PISAMATH	TOT	MEANSCORE	A	2015	493
Germany	PISAMATH	TOT	MEANSCORE	A	2003	503
Germany	PISAMATH	TOT	MEANSCORE	A	2006	504
Germany	PISAMATH	TOT	MEANSCORE	A	2009	513
Germany	PISAMATH	TOT	MEANSCORE	A	2012	514
Germany	PISAMATH	TOT	MEANSCORE	A	2015	506
Greece	PISAMATH	TOT	MEANSCORE	A	2003	445
Greece	PISAMATH	TOT	MEANSCORE	A	2006	459
Greece	PISAMATH	TOT	MEANSCORE	A	2009	466
Greece	PISAMATH	TOT	MEANSCORE	A	2012	453
Greece	PISAMATH	TOT	MEANSCORE	A	2015	454
Hungary	PISAMATH	TOT	MEANSCORE	A	2003	490
Hungary	PISAMATH	TOT	MEANSCORE	A	2006	491
Hungary	PISAMATH	TOT	MEANSCORE	A	2009	490
Hungary	PISAMATH	TOT	MEANSCORE	A	2012	477
Hungary	PISAMATH	TOT	MEANSCORE	A	2015	477
Iceland	PISAMATH	TOT	MEANSCORE	A	2003	515
Iceland	PISAMATH	TOT	MEANSCORE	A	2006	506
Iceland	PISAMATH	TOT	MEANSCORE	A	2009	507
Iceland	PISAMATH	TOT	MEANSCORE	A	2012	493
Iceland	PISAMATH	TOT	MEANSCORE	A	2015	488
Ireland	PISAMATH	TOT	MEANSCORE	A	2003	503
Ireland	PISAMATH	TOT	MEANSCORE	A	2006	501
Ireland	PISAMATH	TOT	MEANSCORE	A	2009	487
Ireland	PISAMATH	TOT	MEANSCORE	A	2012	501
Ireland	PISAMATH	TOT	MEANSCORE	A	2015	504
Italy	PISAMATH	TOT	MEANSCORE	A	2003	466
Italy	PISAMATH	TOT	MEANSCORE	A	2006	462
Italy	PISAMATH	TOT	MEANSCORE	A	2009	483
Italy	PISAMATH	TOT	MEANSCORE	A	2012	485
Italy	PISAMATH	TOT	MEANSCORE	A	2015	490
Japan	PISAMATH	TOT	MEANSCORE	A	2003	534
Japan	PISAMATH	TOT	MEANSCORE	A	2006	523
Japan	PISAMATH	TOT	MEANSCORE	A	2009	529
Japan	PISAMATH	TOT	MEANSCORE	A	2012	536
Japan	PISAMATH	TOT	MEANSCORE	A	2015	532
Korea	PISAMATH	TOT	MEANSCORE	A	2003	542
Korea	PISAMATH	TOT	MEANSCORE	A	2006	547
Korea	PISAMATH	TOT	MEANSCORE	A	2009	546
Korea	PISAMATH	TOT	MEANSCORE	A	2012	554
Korea	PISAMATH	TOT	MEANSCORE	A	2015	524
Luxembourg	PISAMATH	TOT	MEANSCORE	A	2003	493
Luxembourg	PISAMATH	TOT	MEANSCORE	A	2006	490
Luxembourg	PISAMATH	TOT	MEANSCORE	A	2009	489
Luxembourg	PISAMATH	TOT	MEANSCORE	A	2012	490
Luxembourg	PISAMATH	TOT	MEANSCORE	A	2015	486
Mexico	PISAMATH	TOT	MEANSCORE	A	2003	385
Mexico	PISAMATH	TOT	MEANSCORE	A	2006	406
Mexico	PISAMATH	TOT	MEANSCORE	A	2009	419
Mexico	PISAMATH	TOT	MEANSCORE	A	2012	413
Mexico	PISAMATH	TOT	MEANSCORE	A	2015	408
Netherlands	PISAMATH	TOT	MEANSCORE	A	2003	538
Netherlands	PISAMATH	TOT	MEANSCORE	A	2006	531
Netherlands	PISAMATH	TOT	MEANSCORE	A	2009	526
Netherlands	PISAMATH	TOT	MEANSCORE	A	2012	523
Netherlands	PISAMATH	TOT	MEANSCORE	A	2015	512
New Zealand	PISAMATH	TOT	MEANSCORE	A	2003	523
New Zealand	PISAMATH	TOT	MEANSCORE	A	2006	522
New Zealand	PISAMATH	TOT	MEANSCORE	A	2009	519
New Zealand	PISAMATH	TOT	MEANSCORE	A	2012	500
New Zealand	PISAMATH	TOT	MEANSCORE	A	2015	495
Norway	PISAMATH	TOT	MEANSCORE	A	2003	495
Norway	PISAMATH	TOT	MEANSCORE	A	2006	490
Norway	PISAMATH	TOT	MEANSCORE	A	2009	498
Norway	PISAMATH	TOT	MEANSCORE	A	2012	489
Norway	PISAMATH	TOT	MEANSCORE	A	2015	502
Poland	PISAMATH	TOT	MEANSCORE	A	2003	490
Poland	PISAMATH	TOT	MEANSCORE	A	2006	495
Poland	PISAMATH	TOT	MEANSCORE	A	2009	495
Poland	PISAMATH	TOT	MEANSCORE	A	2012	518
Poland	PISAMATH	TOT	MEANSCORE	A	2015	504
Portugal	PISAMATH	TOT	MEANSCORE	A	2003	466
Portugal	PISAMATH	TOT	MEANSCORE	A	2006	466
Portugal	PISAMATH	TOT	MEANSCORE	A	2009	487
Portugal	PISAMATH	TOT	MEANSCORE	A	2012	487
Portugal	PISAMATH	TOT	MEANSCORE	A	2015	492
Slovakia	PISAMATH	TOT	MEANSCORE	A	2003	498
Slovakia	PISAMATH	TOT	MEANSCORE	A	2006	492
Slovakia	PISAMATH	TOT	MEANSCORE	A	2009	497
Slovakia	PISAMATH	TOT	MEANSCORE	A	2012	482
Slovakia	PISAMATH	TOT	MEANSCORE	A	2015	475
Spain	PISAMATH	TOT	MEANSCORE	A	2003	485
Spain	PISAMATH	TOT	MEANSCORE	A	2006	480
Spain	PISAMATH	TOT	MEANSCORE	A	2009	483
Spain	PISAMATH	TOT	MEANSCORE	A	2012	484
Spain	PISAMATH	TOT	MEANSCORE	A	2015	486
Sweden	PISAMATH	TOT	MEANSCORE	A	2003	509
Sweden	PISAMATH	TOT	MEANSCORE	A	2006	502
Sweden	PISAMATH	TOT	MEANSCORE	A	2009	494
Sweden	PISAMATH	TOT	MEANSCORE	A	2012	478
Sweden	PISAMATH	TOT	MEANSCORE	A	2015	494
Switzerland	PISAMATH	TOT	MEANSCORE	A	2003	527
Switzerland	PISAMATH	TOT	MEANSCORE	A	2006	530
Switzerland	PISAMATH	TOT	MEANSCORE	A	2009	534
Switzerland	PISAMATH	TOT	MEANSCORE	A	2012	531
Switzerland	PISAMATH	TOT	MEANSCORE	A	2015	521
Turkey	PISAMATH	TOT	MEANSCORE	A	2003	423
Turkey	PISAMATH	TOT	MEANSCORE	A	2006	424
Turkey	PISAMATH	TOT	MEANSCORE	A	2009	445
Turkey	PISAMATH	TOT	MEANSCORE	A	2012	448
Turkey	PISAMATH	TOT	MEANSCORE	A	2015	420
United Kingdom	PISAMATH	TOT	MEANSCORE	A	2006	495
United Kingdom	PISAMATH	TOT	MEANSCORE	A	2009	492
United Kingdom	PISAMATH	TOT	MEANSCORE	A	2012	494
United Kingdom	PISAMATH	TOT	MEANSCORE	A	2015	492
United States	PISAMATH	TOT	MEANSCORE	A	2003	483
United States	PISAMATH	TOT	MEANSCORE	A	2006	474
United States	PISAMATH	TOT	MEANSCORE	A	2009	487
United States	PISAMATH	TOT	MEANSCORE	A	2012	481
United States	PISAMATH	TOT	MEANSCORE	A	2015	470
Brazil	PISAMATH	TOT	MEANSCORE	A	2003	356
Brazil	PISAMATH	TOT	MEANSCORE	A	2006	370
Brazil	PISAMATH	TOT	MEANSCORE	A	2009	386
Brazil	PISAMATH	TOT	MEANSCORE	A	2012	389
Brazil	PISAMATH	TOT	MEANSCORE	A	2015	377
Chile	PISAMATH	TOT	MEANSCORE	A	2006	411
Chile	PISAMATH	TOT	MEANSCORE	A	2009	421
Chile	PISAMATH	TOT	MEANSCORE	A	2012	423
Chile	PISAMATH	TOT	MEANSCORE	A	2015	423
Estonia	PISAMATH	TOT	MEANSCORE	A	2006	515
Estonia	PISAMATH	TOT	MEANSCORE	A	2009	512
Estonia	PISAMATH	TOT	MEANSCORE	A	2012	521
Estonia	PISAMATH	TOT	MEANSCORE	A	2015	520
Indonesia	PISAMATH	TOT	MEANSCORE	A	2003	360
Indonesia	PISAMATH	TOT	MEANSCORE	A	2006	391
Indonesia	PISAMATH	TOT	MEANSCORE	A	2009	371
Indonesia	PISAMATH	TOT	MEANSCORE	A	2012	375
Indonesia	PISAMATH	TOT	MEANSCORE	A	2015	386
Israel	PISAMATH	TOT	MEANSCORE	A	2006	442
Israel	PISAMATH	TOT	MEANSCORE	A	2009	447
Israel	PISAMATH	TOT	MEANSCORE	A	2012	466
Israel	PISAMATH	TOT	MEANSCORE	A	2015	470
Latvia	PISAMATH	TOT	MEANSCORE	A	2003	483
Latvia	PISAMATH	TOT	MEANSCORE	A	2006	486
Latvia	PISAMATH	TOT	MEANSCORE	A	2009	482
Latvia	PISAMATH	TOT	MEANSCORE	A	2012	491
Latvia	PISAMATH	TOT	MEANSCORE	A	2015	482
Russia	PISAMATH	TOT	MEANSCORE	A	2003	468
Russia	PISAMATH	TOT	MEANSCORE	A	2006	476
Russia	PISAMATH	TOT	MEANSCORE	A	2009	468
Russia	PISAMATH	TOT	MEANSCORE	A	2012	482
Russia	PISAMATH	TOT	MEANSCORE	A	2015	494
Singapore	PISAMATH	BOY	MEANSCORE	A	2015	564
Singapore	PISAMATH	GIRL	MEANSCORE	A	2015	564
Slovenia	PISAMATH	TOT	MEANSCORE	A	2006	504
Slovenia	PISAMATH	TOT	MEANSCORE	A	2009	501
Slovenia	PISAMATH	TOT	MEANSCORE	A	2012	501
Slovenia	PISAMATH	TOT	MEANSCORE	A	2015	510
OAVG	PISAMATH	TOT	MEANSCORE	A	2006	494
OAVG	PISAMATH	TOT	MEANSCORE	A	2009	495
OAVG	PISAMATH	TOT	MEANSCORE	A	2012	494
OAVG	PISAMATH	TOT	MEANSCORE	A	2015	490
Colombia	PISAMATH	TOT	MEANSCORE	A	2015	390
Colombia	PISAMATH	BOY	MEANSCORE	A	2015	395
Colombia	PISAMATH	GIRL	MEANSCORE	A	2015	384
Hong Kong	PISAMATH	TOT	MEANSCORE	A	2015	548
Hong Kong	PISAMATH	BOY	MEANSCORE	A	2015	549
Hong Kong	PISAMATH	GIRL	MEANSCORE	A	2015	547
Peru	PISAMATH	TOT	MEANSCORE	A	2015	387
Peru	PISAMATH	BOY	MEANSCORE	A	2015	391
Peru	PISAMATH	GIRL	MEANSCORE	A	2015	382
Singapore	PISAMATH	TOT	MEANSCORE	A	2015	564
Chinese Taipei	PISAMATH	TOT	MEANSCORE	A	2015	542
Chinese Taipei	PISAMATH	BOY	MEANSCORE	A	2015	545
Chinese Taipei	PISAMATH	GIRL	MEANSCORE	A	2015	539
Macauau	PISAMATH	TOT	MEANSCORE	A	2015	544
Macauau	PISAMATH	BOY	MEANSCORE	A	2015	540
Macauau	PISAMATH	GIRL	MEANSCORE	A	2015	548
Australia	PISAREAD	BOY	MEANSCORE	A	2000	513
Australia	PISAREAD	BOY	MEANSCORE	A	2003	506
Australia	PISAREAD	BOY	MEANSCORE	A	2006	495
Australia	PISAREAD	BOY	MEANSCORE	A	2009	496
Australia	PISAREAD	BOY	MEANSCORE	A	2012	495
Australia	PISAREAD	BOY	MEANSCORE	A	2015	487
Australia	PISAREAD	GIRL	MEANSCORE	A	2000	546
Australia	PISAREAD	GIRL	MEANSCORE	A	2003	545
Australia	PISAREAD	GIRL	MEANSCORE	A	2006	532
Australia	PISAREAD	GIRL	MEANSCORE	A	2009	533
Australia	PISAREAD	GIRL	MEANSCORE	A	2012	530
Australia	PISAREAD	GIRL	MEANSCORE	A	2015	519
Austria	PISAREAD	BOY	MEANSCORE	A	2000	476
Austria	PISAREAD	BOY	MEANSCORE	A	2003	467
Austria	PISAREAD	BOY	MEANSCORE	A	2006	468
Austria	PISAREAD	BOY	MEANSCORE	A	2012	471
Austria	PISAREAD	BOY	MEANSCORE	A	2015	475
Austria	PISAREAD	GIRL	MEANSCORE	A	2000	509
Austria	PISAREAD	GIRL	MEANSCORE	A	2003	514
Austria	PISAREAD	GIRL	MEANSCORE	A	2006	513
Austria	PISAREAD	GIRL	MEANSCORE	A	2012	508
Austria	PISAREAD	GIRL	MEANSCORE	A	2015	495
Belgium	PISAREAD	BOY	MEANSCORE	A	2000	492
Belgium	PISAREAD	BOY	MEANSCORE	A	2003	489
Belgium	PISAREAD	BOY	MEANSCORE	A	2006	482
Belgium	PISAREAD	BOY	MEANSCORE	A	2009	493
Belgium	PISAREAD	BOY	MEANSCORE	A	2012	493
Belgium	PISAREAD	BOY	MEANSCORE	A	2015	491
Belgium	PISAREAD	GIRL	MEANSCORE	A	2000	525
Belgium	PISAREAD	GIRL	MEANSCORE	A	2003	526
Belgium	PISAREAD	GIRL	MEANSCORE	A	2006	522
Belgium	PISAREAD	GIRL	MEANSCORE	A	2009	520
Belgium	PISAREAD	GIRL	MEANSCORE	A	2012	525
Belgium	PISAREAD	GIRL	MEANSCORE	A	2015	507
Canada	PISAREAD	BOY	MEANSCORE	A	2000	519
Canada	PISAREAD	BOY	MEANSCORE	A	2003	514
Canada	PISAREAD	BOY	MEANSCORE	A	2006	511
Canada	PISAREAD	BOY	MEANSCORE	A	2009	507
Canada	PISAREAD	BOY	MEANSCORE	A	2012	506
Canada	PISAREAD	BOY	MEANSCORE	A	2015	514
Canada	PISAREAD	GIRL	MEANSCORE	A	2000	551
Canada	PISAREAD	GIRL	MEANSCORE	A	2003	546
Canada	PISAREAD	GIRL	MEANSCORE	A	2006	543
Canada	PISAREAD	GIRL	MEANSCORE	A	2009	542
Canada	PISAREAD	GIRL	MEANSCORE	A	2012	541
Canada	PISAREAD	GIRL	MEANSCORE	A	2015	540
Czech Republic	PISAREAD	BOY	MEANSCORE	A	2000	473
Czech Republic	PISAREAD	BOY	MEANSCORE	A	2003	473
Czech Republic	PISAREAD	BOY	MEANSCORE	A	2006	463
Czech Republic	PISAREAD	BOY	MEANSCORE	A	2009	456
Czech Republic	PISAREAD	BOY	MEANSCORE	A	2012	474
Czech Republic	PISAREAD	BOY	MEANSCORE	A	2015	475
Czech Republic	PISAREAD	GIRL	MEANSCORE	A	2000	510
Czech Republic	PISAREAD	GIRL	MEANSCORE	A	2003	504
Czech Republic	PISAREAD	GIRL	MEANSCORE	A	2006	509
Czech Republic	PISAREAD	GIRL	MEANSCORE	A	2009	504
Czech Republic	PISAREAD	GIRL	MEANSCORE	A	2012	513
Czech Republic	PISAREAD	GIRL	MEANSCORE	A	2015	501
Denmark	PISAREAD	BOY	MEANSCORE	A	2000	485
Denmark	PISAREAD	BOY	MEANSCORE	A	2003	479
Denmark	PISAREAD	BOY	MEANSCORE	A	2006	480
Denmark	PISAREAD	BOY	MEANSCORE	A	2009	480
Denmark	PISAREAD	BOY	MEANSCORE	A	2012	481
Denmark	PISAREAD	BOY	MEANSCORE	A	2015	489
Denmark	PISAREAD	GIRL	MEANSCORE	A	2000	510
Denmark	PISAREAD	GIRL	MEANSCORE	A	2003	505
Denmark	PISAREAD	GIRL	MEANSCORE	A	2006	509
Denmark	PISAREAD	GIRL	MEANSCORE	A	2009	509
Denmark	PISAREAD	GIRL	MEANSCORE	A	2012	512
Denmark	PISAREAD	GIRL	MEANSCORE	A	2015	511
Finland	PISAREAD	BOY	MEANSCORE	A	2000	520
Finland	PISAREAD	BOY	MEANSCORE	A	2003	521
Finland	PISAREAD	BOY	MEANSCORE	A	2006	521
Finland	PISAREAD	BOY	MEANSCORE	A	2009	508
Finland	PISAREAD	BOY	MEANSCORE	A	2012	494
Finland	PISAREAD	BOY	MEANSCORE	A	2015	504
Finland	PISAREAD	GIRL	MEANSCORE	A	2000	571
Finland	PISAREAD	GIRL	MEANSCORE	A	2003	565
Finland	PISAREAD	GIRL	MEANSCORE	A	2006	572
Finland	PISAREAD	GIRL	MEANSCORE	A	2009	563
Finland	PISAREAD	GIRL	MEANSCORE	A	2012	556
Finland	PISAREAD	GIRL	MEANSCORE	A	2015	551
France	PISAREAD	BOY	MEANSCORE	A	2000	490
France	PISAREAD	BOY	MEANSCORE	A	2003	476
France	PISAREAD	BOY	MEANSCORE	A	2006	470
France	PISAREAD	BOY	MEANSCORE	A	2009	475
France	PISAREAD	BOY	MEANSCORE	A	2012	483
France	PISAREAD	BOY	MEANSCORE	A	2015	485
France	PISAREAD	GIRL	MEANSCORE	A	2000	519
France	PISAREAD	GIRL	MEANSCORE	A	2003	514
France	PISAREAD	GIRL	MEANSCORE	A	2006	505
France	PISAREAD	GIRL	MEANSCORE	A	2009	515
France	PISAREAD	GIRL	MEANSCORE	A	2012	527
France	PISAREAD	GIRL	MEANSCORE	A	2015	514
Germany	PISAREAD	BOY	MEANSCORE	A	2000	468
Germany	PISAREAD	BOY	MEANSCORE	A	2003	471
Germany	PISAREAD	BOY	MEANSCORE	A	2006	475
Germany	PISAREAD	BOY	MEANSCORE	A	2009	478
Germany	PISAREAD	BOY	MEANSCORE	A	2012	486
Germany	PISAREAD	BOY	MEANSCORE	A	2015	499
Germany	PISAREAD	GIRL	MEANSCORE	A	2000	502
Germany	PISAREAD	GIRL	MEANSCORE	A	2003	513
Germany	PISAREAD	GIRL	MEANSCORE	A	2006	517
Germany	PISAREAD	GIRL	MEANSCORE	A	2009	518
Germany	PISAREAD	GIRL	MEANSCORE	A	2012	530
Germany	PISAREAD	GIRL	MEANSCORE	A	2015	520
Greece	PISAREAD	BOY	MEANSCORE	A	2000	456
Greece	PISAREAD	BOY	MEANSCORE	A	2003	453
Greece	PISAREAD	BOY	MEANSCORE	A	2006	432
Greece	PISAREAD	BOY	MEANSCORE	A	2009	459
Greece	PISAREAD	BOY	MEANSCORE	A	2012	452
Greece	PISAREAD	BOY	MEANSCORE	A	2015	449
Greece	PISAREAD	GIRL	MEANSCORE	A	2000	493
Greece	PISAREAD	GIRL	MEANSCORE	A	2003	490
Greece	PISAREAD	GIRL	MEANSCORE	A	2006	488
Greece	PISAREAD	GIRL	MEANSCORE	A	2009	506
Greece	PISAREAD	GIRL	MEANSCORE	A	2012	502
Greece	PISAREAD	GIRL	MEANSCORE	A	2015	486
Hungary	PISAREAD	BOY	MEANSCORE	A	2000	465
Hungary	PISAREAD	BOY	MEANSCORE	A	2003	467
Hungary	PISAREAD	BOY	MEANSCORE	A	2006	463
Hungary	PISAREAD	BOY	MEANSCORE	A	2009	475
Hungary	PISAREAD	BOY	MEANSCORE	A	2012	468
Hungary	PISAREAD	BOY	MEANSCORE	A	2015	457
Hungary	PISAREAD	GIRL	MEANSCORE	A	2000	496
Hungary	PISAREAD	GIRL	MEANSCORE	A	2003	498
Hungary	PISAREAD	GIRL	MEANSCORE	A	2006	503
Hungary	PISAREAD	GIRL	MEANSCORE	A	2009	513
Hungary	PISAREAD	GIRL	MEANSCORE	A	2012	508
Hungary	PISAREAD	GIRL	MEANSCORE	A	2015	482
Iceland	PISAREAD	BOY	MEANSCORE	A	2000	488
Iceland	PISAREAD	BOY	MEANSCORE	A	2003	464
Iceland	PISAREAD	BOY	MEANSCORE	A	2006	460
Iceland	PISAREAD	BOY	MEANSCORE	A	2009	478
Iceland	PISAREAD	BOY	MEANSCORE	A	2012	457
Iceland	PISAREAD	BOY	MEANSCORE	A	2015	460
Iceland	PISAREAD	GIRL	MEANSCORE	A	2000	528
Iceland	PISAREAD	GIRL	MEANSCORE	A	2003	522
Iceland	PISAREAD	GIRL	MEANSCORE	A	2006	509
Iceland	PISAREAD	GIRL	MEANSCORE	A	2009	522
Iceland	PISAREAD	GIRL	MEANSCORE	A	2012	508
Iceland	PISAREAD	GIRL	MEANSCORE	A	2015	502
Ireland	PISAREAD	BOY	MEANSCORE	A	2000	513
Ireland	PISAREAD	BOY	MEANSCORE	A	2003	501
Ireland	PISAREAD	BOY	MEANSCORE	A	2006	500
Ireland	PISAREAD	BOY	MEANSCORE	A	2009	476
Ireland	PISAREAD	BOY	MEANSCORE	A	2012	509
Ireland	PISAREAD	BOY	MEANSCORE	A	2015	515
Ireland	PISAREAD	GIRL	MEANSCORE	A	2000	542
Ireland	PISAREAD	GIRL	MEANSCORE	A	2003	530
Ireland	PISAREAD	GIRL	MEANSCORE	A	2006	534
Ireland	PISAREAD	GIRL	MEANSCORE	A	2009	515
Ireland	PISAREAD	GIRL	MEANSCORE	A	2012	538
Ireland	PISAREAD	GIRL	MEANSCORE	A	2015	527
Italy	PISAREAD	BOY	MEANSCORE	A	2000	469
Italy	PISAREAD	BOY	MEANSCORE	A	2003	455
Italy	PISAREAD	BOY	MEANSCORE	A	2006	448
Italy	PISAREAD	BOY	MEANSCORE	A	2009	464
Italy	PISAREAD	BOY	MEANSCORE	A	2012	471
Italy	PISAREAD	BOY	MEANSCORE	A	2015	477
Italy	PISAREAD	GIRL	MEANSCORE	A	2000	507
Italy	PISAREAD	GIRL	MEANSCORE	A	2003	495
Italy	PISAREAD	GIRL	MEANSCORE	A	2006	489
Italy	PISAREAD	GIRL	MEANSCORE	A	2009	510
Italy	PISAREAD	GIRL	MEANSCORE	A	2012	510
Italy	PISAREAD	GIRL	MEANSCORE	A	2015	493
Japan	PISAREAD	BOY	MEANSCORE	A	2000	507
Japan	PISAREAD	BOY	MEANSCORE	A	2003	487
Japan	PISAREAD	BOY	MEANSCORE	A	2006	483
Japan	PISAREAD	BOY	MEANSCORE	A	2009	501
Japan	PISAREAD	BOY	MEANSCORE	A	2012	527
Japan	PISAREAD	BOY	MEANSCORE	A	2015	509
Japan	PISAREAD	GIRL	MEANSCORE	A	2000	537
Japan	PISAREAD	GIRL	MEANSCORE	A	2003	509
Japan	PISAREAD	GIRL	MEANSCORE	A	2006	513
Japan	PISAREAD	GIRL	MEANSCORE	A	2009	540
Japan	PISAREAD	GIRL	MEANSCORE	A	2012	551
Japan	PISAREAD	GIRL	MEANSCORE	A	2015	523
Korea	PISAREAD	BOY	MEANSCORE	A	2000	519
Korea	PISAREAD	BOY	MEANSCORE	A	2003	525
Korea	PISAREAD	BOY	MEANSCORE	A	2006	539
Korea	PISAREAD	BOY	MEANSCORE	A	2009	523
Korea	PISAREAD	BOY	MEANSCORE	A	2012	525
Korea	PISAREAD	BOY	MEANSCORE	A	2015	498
Korea	PISAREAD	GIRL	MEANSCORE	A	2000	533
Korea	PISAREAD	GIRL	MEANSCORE	A	2003	547
Korea	PISAREAD	GIRL	MEANSCORE	A	2006	574
Korea	PISAREAD	GIRL	MEANSCORE	A	2009	558
Korea	PISAREAD	GIRL	MEANSCORE	A	2012	548
Korea	PISAREAD	GIRL	MEANSCORE	A	2015	539
Luxembourg	PISAREAD	BOY	MEANSCORE	A	2000	429
Luxembourg	PISAREAD	BOY	MEANSCORE	A	2003	463
Luxembourg	PISAREAD	BOY	MEANSCORE	A	2006	464
Luxembourg	PISAREAD	BOY	MEANSCORE	A	2009	453
Luxembourg	PISAREAD	BOY	MEANSCORE	A	2012	473
Luxembourg	PISAREAD	BOY	MEANSCORE	A	2015	471
Luxembourg	PISAREAD	GIRL	MEANSCORE	A	2000	456
Luxembourg	PISAREAD	GIRL	MEANSCORE	A	2003	496
Luxembourg	PISAREAD	GIRL	MEANSCORE	A	2006	495
Luxembourg	PISAREAD	GIRL	MEANSCORE	A	2009	492
Luxembourg	PISAREAD	GIRL	MEANSCORE	A	2012	503
Luxembourg	PISAREAD	GIRL	MEANSCORE	A	2015	492
Mexico	PISAREAD	BOY	MEANSCORE	A	2000	411
Mexico	PISAREAD	BOY	MEANSCORE	A	2003	389
Mexico	PISAREAD	BOY	MEANSCORE	A	2006	393
Mexico	PISAREAD	BOY	MEANSCORE	A	2009	413
Mexico	PISAREAD	BOY	MEANSCORE	A	2012	411
Mexico	PISAREAD	BOY	MEANSCORE	A	2015	416
Mexico	PISAREAD	GIRL	MEANSCORE	A	2000	432
Mexico	PISAREAD	GIRL	MEANSCORE	A	2003	410
Mexico	PISAREAD	GIRL	MEANSCORE	A	2006	427
Mexico	PISAREAD	GIRL	MEANSCORE	A	2009	438
Mexico	PISAREAD	GIRL	MEANSCORE	A	2012	435
Mexico	PISAREAD	GIRL	MEANSCORE	A	2015	431
Netherlands	PISAREAD	BOY	MEANSCORE	A	2003	503
Netherlands	PISAREAD	BOY	MEANSCORE	A	2006	495
Netherlands	PISAREAD	BOY	MEANSCORE	A	2009	496
Netherlands	PISAREAD	BOY	MEANSCORE	A	2012	498
Netherlands	PISAREAD	BOY	MEANSCORE	A	2015	491
Netherlands	PISAREAD	GIRL	MEANSCORE	A	2003	524
Netherlands	PISAREAD	GIRL	MEANSCORE	A	2006	519
Netherlands	PISAREAD	GIRL	MEANSCORE	A	2009	521
Netherlands	PISAREAD	GIRL	MEANSCORE	A	2012	525
Netherlands	PISAREAD	GIRL	MEANSCORE	A	2015	515
New Zealand	PISAREAD	BOY	MEANSCORE	A	2000	507
New Zealand	PISAREAD	BOY	MEANSCORE	A	2003	508
New Zealand	PISAREAD	BOY	MEANSCORE	A	2006	502
New Zealand	PISAREAD	BOY	MEANSCORE	A	2009	499
New Zealand	PISAREAD	BOY	MEANSCORE	A	2012	495
New Zealand	PISAREAD	BOY	MEANSCORE	A	2015	493
New Zealand	PISAREAD	GIRL	MEANSCORE	A	2000	553
New Zealand	PISAREAD	GIRL	MEANSCORE	A	2003	535
New Zealand	PISAREAD	GIRL	MEANSCORE	A	2006	539
New Zealand	PISAREAD	GIRL	MEANSCORE	A	2009	544
New Zealand	PISAREAD	GIRL	MEANSCORE	A	2012	530
New Zealand	PISAREAD	GIRL	MEANSCORE	A	2015	526
Norway	PISAREAD	BOY	MEANSCORE	A	2000	486
Norway	PISAREAD	BOY	MEANSCORE	A	2003	475
Norway	PISAREAD	BOY	MEANSCORE	A	2006	462
Norway	PISAREAD	BOY	MEANSCORE	A	2009	480
Norway	PISAREAD	BOY	MEANSCORE	A	2012	481
Norway	PISAREAD	BOY	MEANSCORE	A	2015	494
Norway	PISAREAD	GIRL	MEANSCORE	A	2000	529
Norway	PISAREAD	GIRL	MEANSCORE	A	2003	525
Norway	PISAREAD	GIRL	MEANSCORE	A	2006	508
Norway	PISAREAD	GIRL	MEANSCORE	A	2009	527
Norway	PISAREAD	GIRL	MEANSCORE	A	2012	528
Norway	PISAREAD	GIRL	MEANSCORE	A	2015	533
Poland	PISAREAD	BOY	MEANSCORE	A	2000	461
Poland	PISAREAD	BOY	MEANSCORE	A	2003	477
Poland	PISAREAD	BOY	MEANSCORE	A	2006	487
Poland	PISAREAD	BOY	MEANSCORE	A	2009	476
Poland	PISAREAD	BOY	MEANSCORE	A	2012	497
Poland	PISAREAD	BOY	MEANSCORE	A	2015	491
Poland	PISAREAD	GIRL	MEANSCORE	A	2000	497
Poland	PISAREAD	GIRL	MEANSCORE	A	2003	516
Poland	PISAREAD	GIRL	MEANSCORE	A	2006	528
Poland	PISAREAD	GIRL	MEANSCORE	A	2009	525
Poland	PISAREAD	GIRL	MEANSCORE	A	2012	539
Poland	PISAREAD	GIRL	MEANSCORE	A	2015	521
Portugal	PISAREAD	BOY	MEANSCORE	A	2000	458
Portugal	PISAREAD	BOY	MEANSCORE	A	2003	459
Portugal	PISAREAD	BOY	MEANSCORE	A	2006	455
Portugal	PISAREAD	BOY	MEANSCORE	A	2009	470
Portugal	PISAREAD	BOY	MEANSCORE	A	2012	468
Portugal	PISAREAD	BOY	MEANSCORE	A	2015	490
Portugal	PISAREAD	GIRL	MEANSCORE	A	2000	482
Portugal	PISAREAD	GIRL	MEANSCORE	A	2003	495
Portugal	PISAREAD	GIRL	MEANSCORE	A	2006	488
Portugal	PISAREAD	GIRL	MEANSCORE	A	2009	508
Portugal	PISAREAD	GIRL	MEANSCORE	A	2012	508
Portugal	PISAREAD	GIRL	MEANSCORE	A	2015	507
Slovakia	PISAREAD	BOY	MEANSCORE	A	2003	453
Slovakia	PISAREAD	BOY	MEANSCORE	A	2006	446
Slovakia	PISAREAD	BOY	MEANSCORE	A	2009	452
Slovakia	PISAREAD	BOY	MEANSCORE	A	2012	444
Slovakia	PISAREAD	BOY	MEANSCORE	A	2015	435
Slovakia	PISAREAD	GIRL	MEANSCORE	A	2003	486
Slovakia	PISAREAD	GIRL	MEANSCORE	A	2006	488
Slovakia	PISAREAD	GIRL	MEANSCORE	A	2009	503
Slovakia	PISAREAD	GIRL	MEANSCORE	A	2012	483
Slovakia	PISAREAD	GIRL	MEANSCORE	A	2015	471
Spain	PISAREAD	BOY	MEANSCORE	A	2000	481
Spain	PISAREAD	BOY	MEANSCORE	A	2003	461
Spain	PISAREAD	BOY	MEANSCORE	A	2006	443
Spain	PISAREAD	BOY	MEANSCORE	A	2009	467
Spain	PISAREAD	BOY	MEANSCORE	A	2012	474
Spain	PISAREAD	BOY	MEANSCORE	A	2015	485
Spain	PISAREAD	GIRL	MEANSCORE	A	2000	505
Spain	PISAREAD	GIRL	MEANSCORE	A	2003	500
Spain	PISAREAD	GIRL	MEANSCORE	A	2006	479
Spain	PISAREAD	GIRL	MEANSCORE	A	2009	496
Spain	PISAREAD	GIRL	MEANSCORE	A	2012	503
Spain	PISAREAD	GIRL	MEANSCORE	A	2015	506
Sweden	PISAREAD	BOY	MEANSCORE	A	2000	499
Sweden	PISAREAD	BOY	MEANSCORE	A	2003	496
Sweden	PISAREAD	BOY	MEANSCORE	A	2006	488
Sweden	PISAREAD	BOY	MEANSCORE	A	2009	475
Sweden	PISAREAD	BOY	MEANSCORE	A	2012	458
Sweden	PISAREAD	BOY	MEANSCORE	A	2015	481
Sweden	PISAREAD	GIRL	MEANSCORE	A	2000	536
Sweden	PISAREAD	GIRL	MEANSCORE	A	2003	533
Sweden	PISAREAD	GIRL	MEANSCORE	A	2006	528
Sweden	PISAREAD	GIRL	MEANSCORE	A	2009	521
Sweden	PISAREAD	GIRL	MEANSCORE	A	2012	509
Sweden	PISAREAD	GIRL	MEANSCORE	A	2015	520
Switzerland	PISAREAD	BOY	MEANSCORE	A	2000	480
Switzerland	PISAREAD	BOY	MEANSCORE	A	2003	482
Switzerland	PISAREAD	BOY	MEANSCORE	A	2006	484
Switzerland	PISAREAD	BOY	MEANSCORE	A	2009	481
Switzerland	PISAREAD	BOY	MEANSCORE	A	2012	491
Switzerland	PISAREAD	BOY	MEANSCORE	A	2015	480
Switzerland	PISAREAD	GIRL	MEANSCORE	A	2000	510
Switzerland	PISAREAD	GIRL	MEANSCORE	A	2003	517
Switzerland	PISAREAD	GIRL	MEANSCORE	A	2006	515
Switzerland	PISAREAD	GIRL	MEANSCORE	A	2009	520
Switzerland	PISAREAD	GIRL	MEANSCORE	A	2012	527
Switzerland	PISAREAD	GIRL	MEANSCORE	A	2015	505
Turkey	PISAREAD	BOY	MEANSCORE	A	2003	426
Turkey	PISAREAD	BOY	MEANSCORE	A	2006	427
Turkey	PISAREAD	BOY	MEANSCORE	A	2009	443
Turkey	PISAREAD	BOY	MEANSCORE	A	2012	453
Turkey	PISAREAD	BOY	MEANSCORE	A	2015	414
Turkey	PISAREAD	GIRL	MEANSCORE	A	2003	459
Turkey	PISAREAD	GIRL	MEANSCORE	A	2006	471
Turkey	PISAREAD	GIRL	MEANSCORE	A	2009	486
Turkey	PISAREAD	GIRL	MEANSCORE	A	2012	499
Turkey	PISAREAD	GIRL	MEANSCORE	A	2015	442
United Kingdom	PISAREAD	BOY	MEANSCORE	A	2006	480
United Kingdom	PISAREAD	BOY	MEANSCORE	A	2009	481
United Kingdom	PISAREAD	BOY	MEANSCORE	A	2012	487
United Kingdom	PISAREAD	BOY	MEANSCORE	A	2015	487
United Kingdom	PISAREAD	GIRL	MEANSCORE	A	2006	510
United Kingdom	PISAREAD	GIRL	MEANSCORE	A	2009	507
United Kingdom	PISAREAD	GIRL	MEANSCORE	A	2012	512
United Kingdom	PISAREAD	GIRL	MEANSCORE	A	2015	509
United States	PISAREAD	BOY	MEANSCORE	A	2000	490
United States	PISAREAD	BOY	MEANSCORE	A	2003	479
United States	PISAREAD	BOY	MEANSCORE	A	2009	488
United States	PISAREAD	BOY	MEANSCORE	A	2012	482
United States	PISAREAD	BOY	MEANSCORE	A	2015	487
United States	PISAREAD	GIRL	MEANSCORE	A	2000	518
United States	PISAREAD	GIRL	MEANSCORE	A	2003	511
United States	PISAREAD	GIRL	MEANSCORE	A	2009	513
United States	PISAREAD	GIRL	MEANSCORE	A	2012	513
United States	PISAREAD	GIRL	MEANSCORE	A	2015	507
Brazil	PISAREAD	BOY	MEANSCORE	A	2000	388
Brazil	PISAREAD	BOY	MEANSCORE	A	2003	384
Brazil	PISAREAD	BOY	MEANSCORE	A	2006	376
Brazil	PISAREAD	BOY	MEANSCORE	A	2009	397
Brazil	PISAREAD	BOY	MEANSCORE	A	2012	394
Brazil	PISAREAD	BOY	MEANSCORE	A	2015	395
Brazil	PISAREAD	GIRL	MEANSCORE	A	2000	404
Brazil	PISAREAD	GIRL	MEANSCORE	A	2003	419
Brazil	PISAREAD	GIRL	MEANSCORE	A	2006	408
Brazil	PISAREAD	GIRL	MEANSCORE	A	2009	425
Brazil	PISAREAD	GIRL	MEANSCORE	A	2012	425
Brazil	PISAREAD	GIRL	MEANSCORE	A	2015	419
Chile	PISAREAD	BOY	MEANSCORE	A	2000	396
Chile	PISAREAD	BOY	MEANSCORE	A	2006	434
Chile	PISAREAD	BOY	MEANSCORE	A	2009	439
Chile	PISAREAD	BOY	MEANSCORE	A	2012	430
Chile	PISAREAD	BOY	MEANSCORE	A	2015	453
Chile	PISAREAD	GIRL	MEANSCORE	A	2000	421
Chile	PISAREAD	GIRL	MEANSCORE	A	2006	451
Chile	PISAREAD	GIRL	MEANSCORE	A	2009	461
Chile	PISAREAD	GIRL	MEANSCORE	A	2012	452
Chile	PISAREAD	GIRL	MEANSCORE	A	2015	465
Estonia	PISAREAD	BOY	MEANSCORE	A	2006	478
Estonia	PISAREAD	BOY	MEANSCORE	A	2009	480
Estonia	PISAREAD	BOY	MEANSCORE	A	2012	494
Estonia	PISAREAD	BOY	MEANSCORE	A	2015	505
Estonia	PISAREAD	GIRL	MEANSCORE	A	2006	524
Estonia	PISAREAD	GIRL	MEANSCORE	A	2009	524
Estonia	PISAREAD	GIRL	MEANSCORE	A	2012	538
Estonia	PISAREAD	GIRL	MEANSCORE	A	2015	533
Indonesia	PISAREAD	BOY	MEANSCORE	A	2000	360
Indonesia	PISAREAD	BOY	MEANSCORE	A	2003	369
Indonesia	PISAREAD	BOY	MEANSCORE	A	2006	384
Indonesia	PISAREAD	BOY	MEANSCORE	A	2009	383
Indonesia	PISAREAD	BOY	MEANSCORE	A	2012	382
Indonesia	PISAREAD	BOY	MEANSCORE	A	2015	386
Indonesia	PISAREAD	GIRL	MEANSCORE	A	2000	380
Indonesia	PISAREAD	GIRL	MEANSCORE	A	2003	394
Indonesia	PISAREAD	GIRL	MEANSCORE	A	2006	402
Indonesia	PISAREAD	GIRL	MEANSCORE	A	2009	420
Indonesia	PISAREAD	GIRL	MEANSCORE	A	2012	410
Indonesia	PISAREAD	GIRL	MEANSCORE	A	2015	409
Israel	PISAREAD	BOY	MEANSCORE	A	2000	444
Israel	PISAREAD	BOY	MEANSCORE	A	2006	417
Israel	PISAREAD	BOY	MEANSCORE	A	2009	452
Israel	PISAREAD	BOY	MEANSCORE	A	2012	463
Israel	PISAREAD	BOY	MEANSCORE	A	2015	467
Israel	PISAREAD	GIRL	MEANSCORE	A	2000	459
Israel	PISAREAD	GIRL	MEANSCORE	A	2006	460
Israel	PISAREAD	GIRL	MEANSCORE	A	2009	495
Israel	PISAREAD	GIRL	MEANSCORE	A	2012	507
Israel	PISAREAD	GIRL	MEANSCORE	A	2015	490
Russia	PISAREAD	BOY	MEANSCORE	A	2000	443
Russia	PISAREAD	BOY	MEANSCORE	A	2003	428
Russia	PISAREAD	BOY	MEANSCORE	A	2009	437
Russia	PISAREAD	BOY	MEANSCORE	A	2012	455
Russia	PISAREAD	BOY	MEANSCORE	A	2015	481
Russia	PISAREAD	GIRL	MEANSCORE	A	2000	481
Russia	PISAREAD	GIRL	MEANSCORE	A	2003	456
Russia	PISAREAD	GIRL	MEANSCORE	A	2009	482
Russia	PISAREAD	GIRL	MEANSCORE	A	2012	495
Russia	PISAREAD	GIRL	MEANSCORE	A	2015	507
Slovenia	PISAREAD	BOY	MEANSCORE	A	2006	467
Slovenia	PISAREAD	BOY	MEANSCORE	A	2009	456
Slovenia	PISAREAD	BOY	MEANSCORE	A	2012	454
Slovenia	PISAREAD	BOY	MEANSCORE	A	2015	484
Slovenia	PISAREAD	GIRL	MEANSCORE	A	2006	521
Slovenia	PISAREAD	GIRL	MEANSCORE	A	2009	511
Slovenia	PISAREAD	GIRL	MEANSCORE	A	2012	510
Slovenia	PISAREAD	GIRL	MEANSCORE	A	2015	528
OAVG	PISAREAD	BOY	MEANSCORE	A	2000	480
OAVG	PISAREAD	BOY	MEANSCORE	A	2003	477
OAVG	PISAREAD	BOY	MEANSCORE	A	2006	470
OAVG	PISAREAD	BOY	MEANSCORE	A	2009	474
OAVG	PISAREAD	BOY	MEANSCORE	A	2012	478
OAVG	PISAREAD	BOY	MEANSCORE	A	2015	479
OAVG	PISAREAD	GIRL	MEANSCORE	A	2000	511
OAVG	PISAREAD	GIRL	MEANSCORE	A	2003	512
OAVG	PISAREAD	GIRL	MEANSCORE	A	2006	509
OAVG	PISAREAD	GIRL	MEANSCORE	A	2009	513
OAVG	PISAREAD	GIRL	MEANSCORE	A	2012	515
OAVG	PISAREAD	GIRL	MEANSCORE	A	2015	506
Latvia	PISAREAD	BOY	MEANSCORE	A	2015	467
Latvia	PISAREAD	GIRL	MEANSCORE	A	2015	509
Australia	PISAREAD	TOT	MEANSCORE	A	2000	528
Australia	PISAREAD	TOT	MEANSCORE	A	2003	525
Australia	PISAREAD	TOT	MEANSCORE	A	2006	513
Australia	PISAREAD	TOT	MEANSCORE	A	2009	515
Australia	PISAREAD	TOT	MEANSCORE	A	2012	512
Australia	PISAREAD	TOT	MEANSCORE	A	2015	503
Austria	PISAREAD	TOT	MEANSCORE	A	2000	492
Austria	PISAREAD	TOT	MEANSCORE	A	2003	491
Austria	PISAREAD	TOT	MEANSCORE	A	2006	490
Austria	PISAREAD	TOT	MEANSCORE	A	2012	490
Austria	PISAREAD	TOT	MEANSCORE	A	2015	485
Belgium	PISAREAD	TOT	MEANSCORE	A	2000	507
Belgium	PISAREAD	TOT	MEANSCORE	A	2003	507
Belgium	PISAREAD	TOT	MEANSCORE	A	2006	501
Belgium	PISAREAD	TOT	MEANSCORE	A	2009	506
Belgium	PISAREAD	TOT	MEANSCORE	A	2012	509
Belgium	PISAREAD	TOT	MEANSCORE	A	2015	499
Canada	PISAREAD	TOT	MEANSCORE	A	2000	534
Canada	PISAREAD	TOT	MEANSCORE	A	2003	528
Canada	PISAREAD	TOT	MEANSCORE	A	2006	527
Canada	PISAREAD	TOT	MEANSCORE	A	2009	524
Canada	PISAREAD	TOT	MEANSCORE	A	2012	523
Canada	PISAREAD	TOT	MEANSCORE	A	2015	527
Czech Republic	PISAREAD	TOT	MEANSCORE	A	2000	492
Czech Republic	PISAREAD	TOT	MEANSCORE	A	2003	489
Czech Republic	PISAREAD	TOT	MEANSCORE	A	2006	483
Czech Republic	PISAREAD	TOT	MEANSCORE	A	2009	478
Czech Republic	PISAREAD	TOT	MEANSCORE	A	2012	493
Czech Republic	PISAREAD	TOT	MEANSCORE	A	2015	487
Denmark	PISAREAD	TOT	MEANSCORE	A	2000	497
Denmark	PISAREAD	TOT	MEANSCORE	A	2003	492
Denmark	PISAREAD	TOT	MEANSCORE	A	2006	494
Denmark	PISAREAD	TOT	MEANSCORE	A	2009	495
Denmark	PISAREAD	TOT	MEANSCORE	A	2012	496
Denmark	PISAREAD	TOT	MEANSCORE	A	2015	500
Finland	PISAREAD	TOT	MEANSCORE	A	2000	546
Finland	PISAREAD	TOT	MEANSCORE	A	2003	543
Finland	PISAREAD	TOT	MEANSCORE	A	2006	547
Finland	PISAREAD	TOT	MEANSCORE	A	2009	536
Finland	PISAREAD	TOT	MEANSCORE	A	2012	524
Finland	PISAREAD	TOT	MEANSCORE	A	2015	526
France	PISAREAD	TOT	MEANSCORE	A	2000	505
France	PISAREAD	TOT	MEANSCORE	A	2003	496
France	PISAREAD	TOT	MEANSCORE	A	2006	488
France	PISAREAD	TOT	MEANSCORE	A	2009	496
France	PISAREAD	TOT	MEANSCORE	A	2012	505
France	PISAREAD	TOT	MEANSCORE	A	2015	499
Germany	PISAREAD	TOT	MEANSCORE	A	2000	484
Germany	PISAREAD	TOT	MEANSCORE	A	2003	491
Germany	PISAREAD	TOT	MEANSCORE	A	2006	495
Germany	PISAREAD	TOT	MEANSCORE	A	2009	497
Germany	PISAREAD	TOT	MEANSCORE	A	2012	508
Germany	PISAREAD	TOT	MEANSCORE	A	2015	509
Greece	PISAREAD	TOT	MEANSCORE	A	2000	474
Greece	PISAREAD	TOT	MEANSCORE	A	2003	472
Greece	PISAREAD	TOT	MEANSCORE	A	2006	460
Greece	PISAREAD	TOT	MEANSCORE	A	2009	483
Greece	PISAREAD	TOT	MEANSCORE	A	2012	477
Greece	PISAREAD	TOT	MEANSCORE	A	2015	467
Hungary	PISAREAD	TOT	MEANSCORE	A	2000	480
Hungary	PISAREAD	TOT	MEANSCORE	A	2003	482
Hungary	PISAREAD	TOT	MEANSCORE	A	2006	482
Hungary	PISAREAD	TOT	MEANSCORE	A	2009	494
Hungary	PISAREAD	TOT	MEANSCORE	A	2012	488
Hungary	PISAREAD	TOT	MEANSCORE	A	2015	470
Iceland	PISAREAD	TOT	MEANSCORE	A	2000	507
Iceland	PISAREAD	TOT	MEANSCORE	A	2003	492
Iceland	PISAREAD	TOT	MEANSCORE	A	2006	484
Iceland	PISAREAD	TOT	MEANSCORE	A	2009	500
Iceland	PISAREAD	TOT	MEANSCORE	A	2012	483
Iceland	PISAREAD	TOT	MEANSCORE	A	2015	482
Ireland	PISAREAD	TOT	MEANSCORE	A	2000	527
Ireland	PISAREAD	TOT	MEANSCORE	A	2003	515
Ireland	PISAREAD	TOT	MEANSCORE	A	2006	517
Ireland	PISAREAD	TOT	MEANSCORE	A	2009	496
Ireland	PISAREAD	TOT	MEANSCORE	A	2012	523
Ireland	PISAREAD	TOT	MEANSCORE	A	2015	521
Italy	PISAREAD	TOT	MEANSCORE	A	2000	487
Italy	PISAREAD	TOT	MEANSCORE	A	2003	476
Italy	PISAREAD	TOT	MEANSCORE	A	2006	469
Italy	PISAREAD	TOT	MEANSCORE	A	2009	486
Italy	PISAREAD	TOT	MEANSCORE	A	2012	490
Italy	PISAREAD	TOT	MEANSCORE	A	2015	485
Japan	PISAREAD	TOT	MEANSCORE	A	2000	522
Japan	PISAREAD	TOT	MEANSCORE	A	2003	498
Japan	PISAREAD	TOT	MEANSCORE	A	2006	498
Japan	PISAREAD	TOT	MEANSCORE	A	2009	520
Japan	PISAREAD	TOT	MEANSCORE	A	2012	538
Japan	PISAREAD	TOT	MEANSCORE	A	2015	516
Korea	PISAREAD	TOT	MEANSCORE	A	2000	525
Korea	PISAREAD	TOT	MEANSCORE	A	2003	534
Korea	PISAREAD	TOT	MEANSCORE	A	2006	556
Korea	PISAREAD	TOT	MEANSCORE	A	2009	539
Korea	PISAREAD	TOT	MEANSCORE	A	2012	536
Korea	PISAREAD	TOT	MEANSCORE	A	2015	517
Luxembourg	PISAREAD	TOT	MEANSCORE	A	2003	479
Luxembourg	PISAREAD	TOT	MEANSCORE	A	2006	479
Luxembourg	PISAREAD	TOT	MEANSCORE	A	2009	472
Luxembourg	PISAREAD	TOT	MEANSCORE	A	2012	488
Luxembourg	PISAREAD	TOT	MEANSCORE	A	2015	481
Mexico	PISAREAD	TOT	MEANSCORE	A	2000	422
Mexico	PISAREAD	TOT	MEANSCORE	A	2003	400
Mexico	PISAREAD	TOT	MEANSCORE	A	2006	410
Mexico	PISAREAD	TOT	MEANSCORE	A	2009	425
Mexico	PISAREAD	TOT	MEANSCORE	A	2012	424
Mexico	PISAREAD	TOT	MEANSCORE	A	2015	423
Netherlands	PISAREAD	TOT	MEANSCORE	A	2003	513
Netherlands	PISAREAD	TOT	MEANSCORE	A	2006	507
Netherlands	PISAREAD	TOT	MEANSCORE	A	2009	508
Netherlands	PISAREAD	TOT	MEANSCORE	A	2012	511
Netherlands	PISAREAD	TOT	MEANSCORE	A	2015	503
New Zealand	PISAREAD	TOT	MEANSCORE	A	2000	529
New Zealand	PISAREAD	TOT	MEANSCORE	A	2003	522
New Zealand	PISAREAD	TOT	MEANSCORE	A	2006	521
New Zealand	PISAREAD	TOT	MEANSCORE	A	2009	521
New Zealand	PISAREAD	TOT	MEANSCORE	A	2012	512
New Zealand	PISAREAD	TOT	MEANSCORE	A	2015	509
Norway	PISAREAD	TOT	MEANSCORE	A	2000	505
Norway	PISAREAD	TOT	MEANSCORE	A	2003	500
Norway	PISAREAD	TOT	MEANSCORE	A	2006	484
Norway	PISAREAD	TOT	MEANSCORE	A	2009	503
Norway	PISAREAD	TOT	MEANSCORE	A	2012	504
Norway	PISAREAD	TOT	MEANSCORE	A	2015	513
Poland	PISAREAD	TOT	MEANSCORE	A	2000	479
Poland	PISAREAD	TOT	MEANSCORE	A	2003	497
Poland	PISAREAD	TOT	MEANSCORE	A	2006	508
Poland	PISAREAD	TOT	MEANSCORE	A	2009	500
Poland	PISAREAD	TOT	MEANSCORE	A	2012	518
Poland	PISAREAD	TOT	MEANSCORE	A	2015	506
Portugal	PISAREAD	TOT	MEANSCORE	A	2000	470
Portugal	PISAREAD	TOT	MEANSCORE	A	2003	478
Portugal	PISAREAD	TOT	MEANSCORE	A	2006	472
Portugal	PISAREAD	TOT	MEANSCORE	A	2009	489
Portugal	PISAREAD	TOT	MEANSCORE	A	2012	488
Portugal	PISAREAD	TOT	MEANSCORE	A	2015	498
Slovakia	PISAREAD	TOT	MEANSCORE	A	2003	469
Slovakia	PISAREAD	TOT	MEANSCORE	A	2006	466
Slovakia	PISAREAD	TOT	MEANSCORE	A	2009	477
Slovakia	PISAREAD	TOT	MEANSCORE	A	2012	463
Slovakia	PISAREAD	TOT	MEANSCORE	A	2015	453
Spain	PISAREAD	TOT	MEANSCORE	A	2000	493
Spain	PISAREAD	TOT	MEANSCORE	A	2003	481
Spain	PISAREAD	TOT	MEANSCORE	A	2006	461
Spain	PISAREAD	TOT	MEANSCORE	A	2009	481
Spain	PISAREAD	TOT	MEANSCORE	A	2012	488
Spain	PISAREAD	TOT	MEANSCORE	A	2015	496
Sweden	PISAREAD	TOT	MEANSCORE	A	2000	516
Sweden	PISAREAD	TOT	MEANSCORE	A	2003	514
Sweden	PISAREAD	TOT	MEANSCORE	A	2006	507
Sweden	PISAREAD	TOT	MEANSCORE	A	2009	497
Sweden	PISAREAD	TOT	MEANSCORE	A	2012	483
Sweden	PISAREAD	TOT	MEANSCORE	A	2015	500
Switzerland	PISAREAD	TOT	MEANSCORE	A	2000	494
Switzerland	PISAREAD	TOT	MEANSCORE	A	2003	499
Switzerland	PISAREAD	TOT	MEANSCORE	A	2006	499
Switzerland	PISAREAD	TOT	MEANSCORE	A	2009	501
Switzerland	PISAREAD	TOT	MEANSCORE	A	2012	509
Switzerland	PISAREAD	TOT	MEANSCORE	A	2015	492
Turkey	PISAREAD	TOT	MEANSCORE	A	2003	441
Turkey	PISAREAD	TOT	MEANSCORE	A	2006	447
Turkey	PISAREAD	TOT	MEANSCORE	A	2009	464
Turkey	PISAREAD	TOT	MEANSCORE	A	2012	475
Turkey	PISAREAD	TOT	MEANSCORE	A	2015	428
United Kingdom	PISAREAD	TOT	MEANSCORE	A	2006	495
United Kingdom	PISAREAD	TOT	MEANSCORE	A	2009	494
United Kingdom	PISAREAD	TOT	MEANSCORE	A	2012	499
United Kingdom	PISAREAD	TOT	MEANSCORE	A	2015	498
United States	PISAREAD	TOT	MEANSCORE	A	2000	504
United States	PISAREAD	TOT	MEANSCORE	A	2003	495
United States	PISAREAD	TOT	MEANSCORE	A	2009	500
United States	PISAREAD	TOT	MEANSCORE	A	2012	498
United States	PISAREAD	TOT	MEANSCORE	A	2015	497
Brazil	PISAREAD	TOT	MEANSCORE	A	2000	396
Brazil	PISAREAD	TOT	MEANSCORE	A	2003	403
Brazil	PISAREAD	TOT	MEANSCORE	A	2006	393
Brazil	PISAREAD	TOT	MEANSCORE	A	2009	412
Brazil	PISAREAD	TOT	MEANSCORE	A	2012	407
Brazil	PISAREAD	TOT	MEANSCORE	A	2015	407
Chile	PISAREAD	TOT	MEANSCORE	A	2000	410
Chile	PISAREAD	TOT	MEANSCORE	A	2006	442
Chile	PISAREAD	TOT	MEANSCORE	A	2009	449
Chile	PISAREAD	TOT	MEANSCORE	A	2012	441
Chile	PISAREAD	TOT	MEANSCORE	A	2015	459
Estonia	PISAREAD	TOT	MEANSCORE	A	2006	501
Estonia	PISAREAD	TOT	MEANSCORE	A	2009	501
Estonia	PISAREAD	TOT	MEANSCORE	A	2012	516
Estonia	PISAREAD	TOT	MEANSCORE	A	2015	519
Indonesia	PISAREAD	TOT	MEANSCORE	A	2000	371
Indonesia	PISAREAD	TOT	MEANSCORE	A	2003	382
Indonesia	PISAREAD	TOT	MEANSCORE	A	2006	393
Indonesia	PISAREAD	TOT	MEANSCORE	A	2009	402
Indonesia	PISAREAD	TOT	MEANSCORE	A	2012	396
Indonesia	PISAREAD	TOT	MEANSCORE	A	2015	397
Israel	PISAREAD	TOT	MEANSCORE	A	2000	452
Israel	PISAREAD	TOT	MEANSCORE	A	2006	439
Israel	PISAREAD	TOT	MEANSCORE	A	2009	474
Israel	PISAREAD	TOT	MEANSCORE	A	2012	486
Israel	PISAREAD	TOT	MEANSCORE	A	2015	479
Latvia	PISAREAD	TOT	MEANSCORE	A	2000	458
Latvia	PISAREAD	TOT	MEANSCORE	A	2003	491
Latvia	PISAREAD	TOT	MEANSCORE	A	2006	479
Latvia	PISAREAD	TOT	MEANSCORE	A	2009	484
Latvia	PISAREAD	TOT	MEANSCORE	A	2012	489
Latvia	PISAREAD	TOT	MEANSCORE	A	2015	488
Russia	PISAREAD	TOT	MEANSCORE	A	2000	462
Russia	PISAREAD	TOT	MEANSCORE	A	2003	442
Russia	PISAREAD	TOT	MEANSCORE	A	2006	440
Russia	PISAREAD	TOT	MEANSCORE	A	2009	459
Russia	PISAREAD	TOT	MEANSCORE	A	2012	475
Russia	PISAREAD	TOT	MEANSCORE	A	2015	495
Singapore	PISAREAD	BOY	MEANSCORE	A	2015	525
Singapore	PISAREAD	GIRL	MEANSCORE	A	2015	546
Slovenia	PISAREAD	TOT	MEANSCORE	A	2006	494
Slovenia	PISAREAD	TOT	MEANSCORE	A	2009	483
Slovenia	PISAREAD	TOT	MEANSCORE	A	2012	481
Slovenia	PISAREAD	TOT	MEANSCORE	A	2015	505
OAVG	PISAREAD	TOT	MEANSCORE	A	2012	496
OAVG	PISAREAD	TOT	MEANSCORE	A	2015	493
Colombia	PISAREAD	TOT	MEANSCORE	A	2015	425
Colombia	PISAREAD	BOY	MEANSCORE	A	2015	417
Colombia	PISAREAD	GIRL	MEANSCORE	A	2015	432
Hong Kong	PISAREAD	TOT	MEANSCORE	A	2015	527
Hong Kong	PISAREAD	BOY	MEANSCORE	A	2015	513
Hong Kong	PISAREAD	GIRL	MEANSCORE	A	2015	541
Peru	PISAREAD	TOT	MEANSCORE	A	2015	398
Peru	PISAREAD	BOY	MEANSCORE	A	2015	394
Peru	PISAREAD	GIRL	MEANSCORE	A	2015	401
Singapore	PISAREAD	TOT	MEANSCORE	A	2015	535
Chinese Taipei	PISAREAD	TOT	MEANSCORE	A	2015	497
Chinese Taipei	PISAREAD	BOY	MEANSCORE	A	2015	485
Chinese Taipei	PISAREAD	GIRL	MEANSCORE	A	2015	510
Macauau	PISAREAD	TOT	MEANSCORE	A	2015	509
Macauau	PISAREAD	BOY	MEANSCORE	A	2015	493
Macauau	PISAREAD	GIRL	MEANSCORE	A	2015	525
Australia	PISASCIENCE	BOY	MEANSCORE	A	2006	527
Australia	PISASCIENCE	BOY	MEANSCORE	A	2009	527
Australia	PISASCIENCE	BOY	MEANSCORE	A	2012	524
Australia	PISASCIENCE	BOY	MEANSCORE	A	2015	511
Australia	PISASCIENCE	GIRL	MEANSCORE	A	2006	527
Australia	PISASCIENCE	GIRL	MEANSCORE	A	2009	528
Australia	PISASCIENCE	GIRL	MEANSCORE	A	2012	519
Australia	PISASCIENCE	GIRL	MEANSCORE	A	2015	509
Austria	PISASCIENCE	BOY	MEANSCORE	A	2006	515
Austria	PISASCIENCE	BOY	MEANSCORE	A	2012	510
Austria	PISASCIENCE	BOY	MEANSCORE	A	2015	504
Austria	PISASCIENCE	GIRL	MEANSCORE	A	2006	507
Austria	PISASCIENCE	GIRL	MEANSCORE	A	2012	501
Austria	PISASCIENCE	GIRL	MEANSCORE	A	2015	486
Belgium	PISASCIENCE	BOY	MEANSCORE	A	2006	511
Belgium	PISASCIENCE	BOY	MEANSCORE	A	2009	510
Belgium	PISASCIENCE	BOY	MEANSCORE	A	2012	507
Belgium	PISASCIENCE	BOY	MEANSCORE	A	2015	508
Belgium	PISASCIENCE	GIRL	MEANSCORE	A	2006	510
Belgium	PISASCIENCE	GIRL	MEANSCORE	A	2009	503
Belgium	PISASCIENCE	GIRL	MEANSCORE	A	2012	503
Belgium	PISASCIENCE	GIRL	MEANSCORE	A	2015	496
Canada	PISASCIENCE	BOY	MEANSCORE	A	2006	536
Canada	PISASCIENCE	BOY	MEANSCORE	A	2009	531
Canada	PISASCIENCE	BOY	MEANSCORE	A	2012	527
Canada	PISASCIENCE	BOY	MEANSCORE	A	2015	528
Canada	PISASCIENCE	GIRL	MEANSCORE	A	2006	532
Canada	PISASCIENCE	GIRL	MEANSCORE	A	2009	526
Canada	PISASCIENCE	GIRL	MEANSCORE	A	2012	524
Canada	PISASCIENCE	GIRL	MEANSCORE	A	2015	527
Czech Republic	PISASCIENCE	BOY	MEANSCORE	A	2006	515
Czech Republic	PISASCIENCE	BOY	MEANSCORE	A	2009	498
Czech Republic	PISASCIENCE	BOY	MEANSCORE	A	2012	509
Czech Republic	PISASCIENCE	BOY	MEANSCORE	A	2015	497
Czech Republic	PISASCIENCE	GIRL	MEANSCORE	A	2006	510
Czech Republic	PISASCIENCE	GIRL	MEANSCORE	A	2009	503
Czech Republic	PISASCIENCE	GIRL	MEANSCORE	A	2012	508
Czech Republic	PISASCIENCE	GIRL	MEANSCORE	A	2015	488
Denmark	PISASCIENCE	BOY	MEANSCORE	A	2006	500
Denmark	PISASCIENCE	BOY	MEANSCORE	A	2009	505
Denmark	PISASCIENCE	BOY	MEANSCORE	A	2012	504
Denmark	PISASCIENCE	BOY	MEANSCORE	A	2015	505
Denmark	PISASCIENCE	GIRL	MEANSCORE	A	2006	491
Denmark	PISASCIENCE	GIRL	MEANSCORE	A	2009	494
Denmark	PISASCIENCE	GIRL	MEANSCORE	A	2012	493
Denmark	PISASCIENCE	GIRL	MEANSCORE	A	2015	499
Finland	PISASCIENCE	BOY	MEANSCORE	A	2006	562
Finland	PISASCIENCE	BOY	MEANSCORE	A	2009	546
Finland	PISASCIENCE	BOY	MEANSCORE	A	2012	537
Finland	PISASCIENCE	BOY	MEANSCORE	A	2015	521
Finland	PISASCIENCE	GIRL	MEANSCORE	A	2006	565
Finland	PISASCIENCE	GIRL	MEANSCORE	A	2009	562
Finland	PISASCIENCE	GIRL	MEANSCORE	A	2012	554
Finland	PISASCIENCE	GIRL	MEANSCORE	A	2015	541
France	PISASCIENCE	BOY	MEANSCORE	A	2006	497
France	PISASCIENCE	BOY	MEANSCORE	A	2009	500
France	PISASCIENCE	BOY	MEANSCORE	A	2012	498
France	PISASCIENCE	BOY	MEANSCORE	A	2015	496
France	PISASCIENCE	GIRL	MEANSCORE	A	2006	494
France	PISASCIENCE	GIRL	MEANSCORE	A	2009	497
France	PISASCIENCE	GIRL	MEANSCORE	A	2012	500
France	PISASCIENCE	GIRL	MEANSCORE	A	2015	494
Germany	PISASCIENCE	BOY	MEANSCORE	A	2006	519
Germany	PISASCIENCE	BOY	MEANSCORE	A	2009	523
Germany	PISASCIENCE	BOY	MEANSCORE	A	2012	524
Germany	PISASCIENCE	BOY	MEANSCORE	A	2015	514
Germany	PISASCIENCE	GIRL	MEANSCORE	A	2006	512
Germany	PISASCIENCE	GIRL	MEANSCORE	A	2009	518
Germany	PISASCIENCE	GIRL	MEANSCORE	A	2012	524
Germany	PISASCIENCE	GIRL	MEANSCORE	A	2015	504
Greece	PISASCIENCE	BOY	MEANSCORE	A	2006	468
Greece	PISASCIENCE	BOY	MEANSCORE	A	2009	465
Greece	PISASCIENCE	BOY	MEANSCORE	A	2012	460
Greece	PISASCIENCE	BOY	MEANSCORE	A	2015	451
Greece	PISASCIENCE	GIRL	MEANSCORE	A	2006	479
Greece	PISASCIENCE	GIRL	MEANSCORE	A	2009	475
Greece	PISASCIENCE	GIRL	MEANSCORE	A	2012	473
Greece	PISASCIENCE	GIRL	MEANSCORE	A	2015	459
Hungary	PISASCIENCE	BOY	MEANSCORE	A	2006	507
Hungary	PISASCIENCE	BOY	MEANSCORE	A	2009	503
Hungary	PISASCIENCE	BOY	MEANSCORE	A	2012	496
Hungary	PISASCIENCE	BOY	MEANSCORE	A	2015	478
Hungary	PISASCIENCE	GIRL	MEANSCORE	A	2006	501
Hungary	PISASCIENCE	GIRL	MEANSCORE	A	2009	503
Hungary	PISASCIENCE	GIRL	MEANSCORE	A	2012	493
Hungary	PISASCIENCE	GIRL	MEANSCORE	A	2015	475
Iceland	PISASCIENCE	BOY	MEANSCORE	A	2006	488
Iceland	PISASCIENCE	BOY	MEANSCORE	A	2009	496
Iceland	PISASCIENCE	BOY	MEANSCORE	A	2012	477
Iceland	PISASCIENCE	BOY	MEANSCORE	A	2015	472
Iceland	PISASCIENCE	GIRL	MEANSCORE	A	2006	494
Iceland	PISASCIENCE	GIRL	MEANSCORE	A	2009	495
Iceland	PISASCIENCE	GIRL	MEANSCORE	A	2012	480
Iceland	PISASCIENCE	GIRL	MEANSCORE	A	2015	475
Ireland	PISASCIENCE	BOY	MEANSCORE	A	2006	508
Ireland	PISASCIENCE	BOY	MEANSCORE	A	2009	507
Ireland	PISASCIENCE	BOY	MEANSCORE	A	2012	524
Ireland	PISASCIENCE	BOY	MEANSCORE	A	2015	508
Ireland	PISASCIENCE	GIRL	MEANSCORE	A	2006	509
Ireland	PISASCIENCE	GIRL	MEANSCORE	A	2009	509
Ireland	PISASCIENCE	GIRL	MEANSCORE	A	2012	520
Ireland	PISASCIENCE	GIRL	MEANSCORE	A	2015	497
Italy	PISASCIENCE	BOY	MEANSCORE	A	2006	477
Italy	PISASCIENCE	BOY	MEANSCORE	A	2009	488
Italy	PISASCIENCE	BOY	MEANSCORE	A	2012	495
Italy	PISASCIENCE	BOY	MEANSCORE	A	2015	489
Italy	PISASCIENCE	GIRL	MEANSCORE	A	2006	474
Italy	PISASCIENCE	GIRL	MEANSCORE	A	2009	490
Italy	PISASCIENCE	GIRL	MEANSCORE	A	2012	492
Italy	PISASCIENCE	GIRL	MEANSCORE	A	2015	472
Japan	PISASCIENCE	BOY	MEANSCORE	A	2006	533
Japan	PISASCIENCE	BOY	MEANSCORE	A	2009	534
Japan	PISASCIENCE	BOY	MEANSCORE	A	2012	552
Japan	PISASCIENCE	BOY	MEANSCORE	A	2015	545
Japan	PISASCIENCE	GIRL	MEANSCORE	A	2006	530
Japan	PISASCIENCE	GIRL	MEANSCORE	A	2009	545
Japan	PISASCIENCE	GIRL	MEANSCORE	A	2012	541
Japan	PISASCIENCE	GIRL	MEANSCORE	A	2015	532
Korea	PISASCIENCE	BOY	MEANSCORE	A	2006	521
Korea	PISASCIENCE	BOY	MEANSCORE	A	2009	537
Korea	PISASCIENCE	BOY	MEANSCORE	A	2012	539
Korea	PISASCIENCE	BOY	MEANSCORE	A	2015	511
Korea	PISASCIENCE	GIRL	MEANSCORE	A	2006	523
Korea	PISASCIENCE	GIRL	MEANSCORE	A	2009	539
Korea	PISASCIENCE	GIRL	MEANSCORE	A	2012	536
Korea	PISASCIENCE	GIRL	MEANSCORE	A	2015	521
Luxembourg	PISASCIENCE	BOY	MEANSCORE	A	2006	491
Luxembourg	PISASCIENCE	BOY	MEANSCORE	A	2009	487
Luxembourg	PISASCIENCE	BOY	MEANSCORE	A	2012	499
Luxembourg	PISASCIENCE	BOY	MEANSCORE	A	2015	487
Luxembourg	PISASCIENCE	GIRL	MEANSCORE	A	2006	482
Luxembourg	PISASCIENCE	GIRL	MEANSCORE	A	2009	480
Luxembourg	PISASCIENCE	GIRL	MEANSCORE	A	2012	483
Luxembourg	PISASCIENCE	GIRL	MEANSCORE	A	2015	479
Mexico	PISASCIENCE	BOY	MEANSCORE	A	2006	413
Mexico	PISASCIENCE	BOY	MEANSCORE	A	2009	419
Mexico	PISASCIENCE	BOY	MEANSCORE	A	2012	418
Mexico	PISASCIENCE	BOY	MEANSCORE	A	2015	420
Mexico	PISASCIENCE	GIRL	MEANSCORE	A	2006	406
Mexico	PISASCIENCE	GIRL	MEANSCORE	A	2009	413
Mexico	PISASCIENCE	GIRL	MEANSCORE	A	2012	412
Mexico	PISASCIENCE	GIRL	MEANSCORE	A	2015	412
Netherlands	PISASCIENCE	BOY	MEANSCORE	A	2006	528
Netherlands	PISASCIENCE	BOY	MEANSCORE	A	2009	524
Netherlands	PISASCIENCE	BOY	MEANSCORE	A	2012	524
Netherlands	PISASCIENCE	BOY	MEANSCORE	A	2015	511
Netherlands	PISASCIENCE	GIRL	MEANSCORE	A	2006	521
Netherlands	PISASCIENCE	GIRL	MEANSCORE	A	2009	520
Netherlands	PISASCIENCE	GIRL	MEANSCORE	A	2012	520
Netherlands	PISASCIENCE	GIRL	MEANSCORE	A	2015	507
New Zealand	PISASCIENCE	BOY	MEANSCORE	A	2006	528
New Zealand	PISASCIENCE	BOY	MEANSCORE	A	2009	529
New Zealand	PISASCIENCE	BOY	MEANSCORE	A	2012	518
New Zealand	PISASCIENCE	BOY	MEANSCORE	A	2015	516
New Zealand	PISASCIENCE	GIRL	MEANSCORE	A	2006	532
New Zealand	PISASCIENCE	GIRL	MEANSCORE	A	2009	535
New Zealand	PISASCIENCE	GIRL	MEANSCORE	A	2012	513
New Zealand	PISASCIENCE	GIRL	MEANSCORE	A	2015	511
Norway	PISASCIENCE	BOY	MEANSCORE	A	2006	484
Norway	PISASCIENCE	BOY	MEANSCORE	A	2009	498
Norway	PISASCIENCE	BOY	MEANSCORE	A	2012	493
Norway	PISASCIENCE	BOY	MEANSCORE	A	2015	500
Norway	PISASCIENCE	GIRL	MEANSCORE	A	2006	489
Norway	PISASCIENCE	GIRL	MEANSCORE	A	2009	502
Norway	PISASCIENCE	GIRL	MEANSCORE	A	2012	496
Norway	PISASCIENCE	GIRL	MEANSCORE	A	2015	497
Poland	PISASCIENCE	BOY	MEANSCORE	A	2006	500
Poland	PISASCIENCE	BOY	MEANSCORE	A	2009	505
Poland	PISASCIENCE	BOY	MEANSCORE	A	2012	524
Poland	PISASCIENCE	BOY	MEANSCORE	A	2015	504
Poland	PISASCIENCE	GIRL	MEANSCORE	A	2006	496
Poland	PISASCIENCE	GIRL	MEANSCORE	A	2009	511
Poland	PISASCIENCE	GIRL	MEANSCORE	A	2012	527
Poland	PISASCIENCE	GIRL	MEANSCORE	A	2015	498
Portugal	PISASCIENCE	BOY	MEANSCORE	A	2006	477
Portugal	PISASCIENCE	BOY	MEANSCORE	A	2009	491
Portugal	PISASCIENCE	BOY	MEANSCORE	A	2012	488
Portugal	PISASCIENCE	BOY	MEANSCORE	A	2015	506
Portugal	PISASCIENCE	GIRL	MEANSCORE	A	2006	472
Portugal	PISASCIENCE	GIRL	MEANSCORE	A	2009	495
Portugal	PISASCIENCE	GIRL	MEANSCORE	A	2012	490
Portugal	PISASCIENCE	GIRL	MEANSCORE	A	2015	496
Slovakia	PISASCIENCE	BOY	MEANSCORE	A	2006	491
Slovakia	PISASCIENCE	BOY	MEANSCORE	A	2009	490
Slovakia	PISASCIENCE	BOY	MEANSCORE	A	2012	475
Slovakia	PISASCIENCE	BOY	MEANSCORE	A	2015	460
Slovakia	PISASCIENCE	GIRL	MEANSCORE	A	2006	485
Slovakia	PISASCIENCE	GIRL	MEANSCORE	A	2009	491
Slovakia	PISASCIENCE	GIRL	MEANSCORE	A	2012	467
Slovakia	PISASCIENCE	GIRL	MEANSCORE	A	2015	461
Spain	PISASCIENCE	BOY	MEANSCORE	A	2006	491
Spain	PISASCIENCE	BOY	MEANSCORE	A	2009	492
Spain	PISASCIENCE	BOY	MEANSCORE	A	2012	500
Spain	PISASCIENCE	BOY	MEANSCORE	A	2015	496
Spain	PISASCIENCE	GIRL	MEANSCORE	A	2006	486
Spain	PISASCIENCE	GIRL	MEANSCORE	A	2009	485
Spain	PISASCIENCE	GIRL	MEANSCORE	A	2012	493
Spain	PISASCIENCE	GIRL	MEANSCORE	A	2015	489
Sweden	PISASCIENCE	BOY	MEANSCORE	A	2006	504
Sweden	PISASCIENCE	BOY	MEANSCORE	A	2009	493
Sweden	PISASCIENCE	BOY	MEANSCORE	A	2012	481
Sweden	PISASCIENCE	BOY	MEANSCORE	A	2015	491
Sweden	PISASCIENCE	GIRL	MEANSCORE	A	2006	503
Sweden	PISASCIENCE	GIRL	MEANSCORE	A	2009	497
Sweden	PISASCIENCE	GIRL	MEANSCORE	A	2012	489
Sweden	PISASCIENCE	GIRL	MEANSCORE	A	2015	496
Switzerland	PISASCIENCE	BOY	MEANSCORE	A	2006	514
Switzerland	PISASCIENCE	BOY	MEANSCORE	A	2009	520
Switzerland	PISASCIENCE	BOY	MEANSCORE	A	2012	518
Switzerland	PISASCIENCE	BOY	MEANSCORE	A	2015	508
Switzerland	PISASCIENCE	GIRL	MEANSCORE	A	2006	509
Switzerland	PISASCIENCE	GIRL	MEANSCORE	A	2009	512
Switzerland	PISASCIENCE	GIRL	MEANSCORE	A	2012	512
Switzerland	PISASCIENCE	GIRL	MEANSCORE	A	2015	502
Turkey	PISASCIENCE	BOY	MEANSCORE	A	2006	418
Turkey	PISASCIENCE	BOY	MEANSCORE	A	2009	448
Turkey	PISASCIENCE	BOY	MEANSCORE	A	2012	458
Turkey	PISASCIENCE	BOY	MEANSCORE	A	2015	422
Turkey	PISASCIENCE	GIRL	MEANSCORE	A	2006	430
Turkey	PISASCIENCE	GIRL	MEANSCORE	A	2009	460
Turkey	PISASCIENCE	GIRL	MEANSCORE	A	2012	469
Turkey	PISASCIENCE	GIRL	MEANSCORE	A	2015	429
United Kingdom	PISASCIENCE	BOY	MEANSCORE	A	2006	520
United Kingdom	PISASCIENCE	BOY	MEANSCORE	A	2009	519
United Kingdom	PISASCIENCE	BOY	MEANSCORE	A	2012	521
United Kingdom	PISASCIENCE	BOY	MEANSCORE	A	2015	510
United Kingdom	PISASCIENCE	GIRL	MEANSCORE	A	2006	510
United Kingdom	PISASCIENCE	GIRL	MEANSCORE	A	2009	509
United Kingdom	PISASCIENCE	GIRL	MEANSCORE	A	2012	508
United Kingdom	PISASCIENCE	GIRL	MEANSCORE	A	2015	509
United States	PISASCIENCE	BOY	MEANSCORE	A	2006	489
United States	PISASCIENCE	BOY	MEANSCORE	A	2009	509
United States	PISASCIENCE	BOY	MEANSCORE	A	2012	497
United States	PISASCIENCE	BOY	MEANSCORE	A	2015	500
United States	PISASCIENCE	GIRL	MEANSCORE	A	2006	489
United States	PISASCIENCE	GIRL	MEANSCORE	A	2009	495
United States	PISASCIENCE	GIRL	MEANSCORE	A	2012	498
United States	PISASCIENCE	GIRL	MEANSCORE	A	2015	493
Brazil	PISASCIENCE	BOY	MEANSCORE	A	2006	395
Brazil	PISASCIENCE	BOY	MEANSCORE	A	2009	407
Brazil	PISASCIENCE	BOY	MEANSCORE	A	2012	406
Brazil	PISASCIENCE	BOY	MEANSCORE	A	2015	403
Brazil	PISASCIENCE	GIRL	MEANSCORE	A	2006	386
Brazil	PISASCIENCE	GIRL	MEANSCORE	A	2009	404
Brazil	PISASCIENCE	GIRL	MEANSCORE	A	2012	404
Brazil	PISASCIENCE	GIRL	MEANSCORE	A	2015	399
Chile	PISASCIENCE	BOY	MEANSCORE	A	2006	448
Chile	PISASCIENCE	BOY	MEANSCORE	A	2009	452
Chile	PISASCIENCE	BOY	MEANSCORE	A	2012	448
Chile	PISASCIENCE	BOY	MEANSCORE	A	2015	454
Chile	PISASCIENCE	GIRL	MEANSCORE	A	2006	426
Chile	PISASCIENCE	GIRL	MEANSCORE	A	2009	443
Chile	PISASCIENCE	GIRL	MEANSCORE	A	2012	442
Chile	PISASCIENCE	GIRL	MEANSCORE	A	2015	440
Estonia	PISASCIENCE	BOY	MEANSCORE	A	2006	530
Estonia	PISASCIENCE	BOY	MEANSCORE	A	2009	527
Estonia	PISASCIENCE	BOY	MEANSCORE	A	2012	540
Estonia	PISASCIENCE	BOY	MEANSCORE	A	2015	536
Estonia	PISASCIENCE	GIRL	MEANSCORE	A	2006	533
Estonia	PISASCIENCE	GIRL	MEANSCORE	A	2009	528
Estonia	PISASCIENCE	GIRL	MEANSCORE	A	2012	543
Estonia	PISASCIENCE	GIRL	MEANSCORE	A	2015	533
Indonesia	PISASCIENCE	BOY	MEANSCORE	A	2006	399
Indonesia	PISASCIENCE	BOY	MEANSCORE	A	2009	378
Indonesia	PISASCIENCE	BOY	MEANSCORE	A	2012	380
Indonesia	PISASCIENCE	BOY	MEANSCORE	A	2015	401
Indonesia	PISASCIENCE	GIRL	MEANSCORE	A	2006	387
Indonesia	PISASCIENCE	GIRL	MEANSCORE	A	2009	387
Indonesia	PISASCIENCE	GIRL	MEANSCORE	A	2012	383
Indonesia	PISASCIENCE	GIRL	MEANSCORE	A	2015	405
Israel	PISASCIENCE	BOY	MEANSCORE	A	2006	456
Israel	PISASCIENCE	BOY	MEANSCORE	A	2009	453
Israel	PISASCIENCE	BOY	MEANSCORE	A	2012	470
Israel	PISASCIENCE	BOY	MEANSCORE	A	2015	469
Israel	PISASCIENCE	GIRL	MEANSCORE	A	2006	452
Israel	PISASCIENCE	GIRL	MEANSCORE	A	2009	456
Israel	PISASCIENCE	GIRL	MEANSCORE	A	2012	470
Israel	PISASCIENCE	GIRL	MEANSCORE	A	2015	464
Russia	PISASCIENCE	BOY	MEANSCORE	A	2009	477
Russia	PISASCIENCE	BOY	MEANSCORE	A	2012	484
Russia	PISASCIENCE	BOY	MEANSCORE	A	2015	489
Russia	PISASCIENCE	GIRL	MEANSCORE	A	2009	480
Russia	PISASCIENCE	GIRL	MEANSCORE	A	2012	489
Russia	PISASCIENCE	GIRL	MEANSCORE	A	2015	485
Slovenia	PISASCIENCE	BOY	MEANSCORE	A	2006	515
Slovenia	PISASCIENCE	BOY	MEANSCORE	A	2009	505
Slovenia	PISASCIENCE	BOY	MEANSCORE	A	2012	510
Slovenia	PISASCIENCE	BOY	MEANSCORE	A	2015	510
Slovenia	PISASCIENCE	GIRL	MEANSCORE	A	2006	523
Slovenia	PISASCIENCE	GIRL	MEANSCORE	A	2009	519
Slovenia	PISASCIENCE	GIRL	MEANSCORE	A	2012	519
Slovenia	PISASCIENCE	GIRL	MEANSCORE	A	2015	516
OAVG	PISASCIENCE	BOY	MEANSCORE	A	2006	499
OAVG	PISASCIENCE	BOY	MEANSCORE	A	2009	501
OAVG	PISASCIENCE	BOY	MEANSCORE	A	2012	502
OAVG	PISASCIENCE	BOY	MEANSCORE	A	2015	495
OAVG	PISASCIENCE	GIRL	MEANSCORE	A	2006	497
OAVG	PISASCIENCE	GIRL	MEANSCORE	A	2009	501
OAVG	PISASCIENCE	GIRL	MEANSCORE	A	2012	500
OAVG	PISASCIENCE	GIRL	MEANSCORE	A	2015	491
Latvia	PISASCIENCE	BOY	MEANSCORE	A	2015	485
Latvia	PISASCIENCE	GIRL	MEANSCORE	A	2015	496
Australia	PISASCIENCE	TOT	MEANSCORE	A	2006	527
Australia	PISASCIENCE	TOT	MEANSCORE	A	2009	527
Australia	PISASCIENCE	TOT	MEANSCORE	A	2012	521
Australia	PISASCIENCE	TOT	MEANSCORE	A	2015	510
Austria	PISASCIENCE	TOT	MEANSCORE	A	2006	511
Austria	PISASCIENCE	TOT	MEANSCORE	A	2012	506
Austria	PISASCIENCE	TOT	MEANSCORE	A	2015	495
Belgium	PISASCIENCE	TOT	MEANSCORE	A	2006	510
Belgium	PISASCIENCE	TOT	MEANSCORE	A	2009	507
Belgium	PISASCIENCE	TOT	MEANSCORE	A	2012	505
Belgium	PISASCIENCE	TOT	MEANSCORE	A	2015	502
Canada	PISASCIENCE	TOT	MEANSCORE	A	2006	534
Canada	PISASCIENCE	TOT	MEANSCORE	A	2009	529
Canada	PISASCIENCE	TOT	MEANSCORE	A	2012	525
Canada	PISASCIENCE	TOT	MEANSCORE	A	2015	528
Czech Republic	PISASCIENCE	TOT	MEANSCORE	A	2006	513
Czech Republic	PISASCIENCE	TOT	MEANSCORE	A	2009	500
Czech Republic	PISASCIENCE	TOT	MEANSCORE	A	2012	508
Czech Republic	PISASCIENCE	TOT	MEANSCORE	A	2015	493
Denmark	PISASCIENCE	TOT	MEANSCORE	A	2006	496
Denmark	PISASCIENCE	TOT	MEANSCORE	A	2009	499
Denmark	PISASCIENCE	TOT	MEANSCORE	A	2012	498
Denmark	PISASCIENCE	TOT	MEANSCORE	A	2015	502
Finland	PISASCIENCE	TOT	MEANSCORE	A	2006	563
Finland	PISASCIENCE	TOT	MEANSCORE	A	2009	554
Finland	PISASCIENCE	TOT	MEANSCORE	A	2012	545
Finland	PISASCIENCE	TOT	MEANSCORE	A	2015	531
France	PISASCIENCE	TOT	MEANSCORE	A	2006	495
France	PISASCIENCE	TOT	MEANSCORE	A	2009	498
France	PISASCIENCE	TOT	MEANSCORE	A	2012	499
France	PISASCIENCE	TOT	MEANSCORE	A	2015	495
Germany	PISASCIENCE	TOT	MEANSCORE	A	2006	516
Germany	PISASCIENCE	TOT	MEANSCORE	A	2009	520
Germany	PISASCIENCE	TOT	MEANSCORE	A	2012	524
Germany	PISASCIENCE	TOT	MEANSCORE	A	2015	509
Greece	PISASCIENCE	TOT	MEANSCORE	A	2006	473
Greece	PISASCIENCE	TOT	MEANSCORE	A	2009	470
Greece	PISASCIENCE	TOT	MEANSCORE	A	2012	467
Greece	PISASCIENCE	TOT	MEANSCORE	A	2015	455
Hungary	PISASCIENCE	TOT	MEANSCORE	A	2006	504
Hungary	PISASCIENCE	TOT	MEANSCORE	A	2009	503
Hungary	PISASCIENCE	TOT	MEANSCORE	A	2012	494
Hungary	PISASCIENCE	TOT	MEANSCORE	A	2015	477
Iceland	PISASCIENCE	TOT	MEANSCORE	A	2006	491
Iceland	PISASCIENCE	TOT	MEANSCORE	A	2009	496
Iceland	PISASCIENCE	TOT	MEANSCORE	A	2012	478
Iceland	PISASCIENCE	TOT	MEANSCORE	A	2015	473
Ireland	PISASCIENCE	TOT	MEANSCORE	A	2006	508
Ireland	PISASCIENCE	TOT	MEANSCORE	A	2009	508
Ireland	PISASCIENCE	TOT	MEANSCORE	A	2012	522
Ireland	PISASCIENCE	TOT	MEANSCORE	A	2015	503
Italy	PISASCIENCE	TOT	MEANSCORE	A	2006	475
Italy	PISASCIENCE	TOT	MEANSCORE	A	2009	489
Italy	PISASCIENCE	TOT	MEANSCORE	A	2012	494
Italy	PISASCIENCE	TOT	MEANSCORE	A	2015	481
Japan	PISASCIENCE	TOT	MEANSCORE	A	2006	531
Japan	PISASCIENCE	TOT	MEANSCORE	A	2009	539
Japan	PISASCIENCE	TOT	MEANSCORE	A	2012	547
Japan	PISASCIENCE	TOT	MEANSCORE	A	2015	538
Korea	PISASCIENCE	TOT	MEANSCORE	A	2006	522
Korea	PISASCIENCE	TOT	MEANSCORE	A	2009	538
Korea	PISASCIENCE	TOT	MEANSCORE	A	2012	538
Korea	PISASCIENCE	TOT	MEANSCORE	A	2015	516
Luxembourg	PISASCIENCE	TOT	MEANSCORE	A	2006	486
Luxembourg	PISASCIENCE	TOT	MEANSCORE	A	2009	484
Luxembourg	PISASCIENCE	TOT	MEANSCORE	A	2012	491
Luxembourg	PISASCIENCE	TOT	MEANSCORE	A	2015	483
Mexico	PISASCIENCE	TOT	MEANSCORE	A	2006	410
Mexico	PISASCIENCE	TOT	MEANSCORE	A	2009	416
Mexico	PISASCIENCE	TOT	MEANSCORE	A	2012	415
Mexico	PISASCIENCE	TOT	MEANSCORE	A	2015	416
Netherlands	PISASCIENCE	TOT	MEANSCORE	A	2006	525
Netherlands	PISASCIENCE	TOT	MEANSCORE	A	2009	522
Netherlands	PISASCIENCE	TOT	MEANSCORE	A	2012	522
Netherlands	PISASCIENCE	TOT	MEANSCORE	A	2015	509
New Zealand	PISASCIENCE	TOT	MEANSCORE	A	2006	530
New Zealand	PISASCIENCE	TOT	MEANSCORE	A	2009	532
New Zealand	PISASCIENCE	TOT	MEANSCORE	A	2012	516
New Zealand	PISASCIENCE	TOT	MEANSCORE	A	2015	513
Norway	PISASCIENCE	TOT	MEANSCORE	A	2006	487
Norway	PISASCIENCE	TOT	MEANSCORE	A	2009	500
Norway	PISASCIENCE	TOT	MEANSCORE	A	2012	495
Norway	PISASCIENCE	TOT	MEANSCORE	A	2015	498
Poland	PISASCIENCE	TOT	MEANSCORE	A	2006	498
Poland	PISASCIENCE	TOT	MEANSCORE	A	2009	508
Poland	PISASCIENCE	TOT	MEANSCORE	A	2012	526
Poland	PISASCIENCE	TOT	MEANSCORE	A	2015	501
Portugal	PISASCIENCE	TOT	MEANSCORE	A	2006	474
Portugal	PISASCIENCE	TOT	MEANSCORE	A	2009	493
Portugal	PISASCIENCE	TOT	MEANSCORE	A	2012	489
Portugal	PISASCIENCE	TOT	MEANSCORE	A	2015	501
Slovakia	PISASCIENCE	TOT	MEANSCORE	A	2006	488
Slovakia	PISASCIENCE	TOT	MEANSCORE	A	2009	490
Slovakia	PISASCIENCE	TOT	MEANSCORE	A	2012	471
Slovakia	PISASCIENCE	TOT	MEANSCORE	A	2015	461
Spain	PISASCIENCE	TOT	MEANSCORE	A	2006	488
Spain	PISASCIENCE	TOT	MEANSCORE	A	2009	488
Spain	PISASCIENCE	TOT	MEANSCORE	A	2012	496
Spain	PISASCIENCE	TOT	MEANSCORE	A	2015	493
Sweden	PISASCIENCE	TOT	MEANSCORE	A	2006	503
Sweden	PISASCIENCE	TOT	MEANSCORE	A	2009	495
Sweden	PISASCIENCE	TOT	MEANSCORE	A	2012	485
Sweden	PISASCIENCE	TOT	MEANSCORE	A	2015	493
Switzerland	PISASCIENCE	TOT	MEANSCORE	A	2006	512
Switzerland	PISASCIENCE	TOT	MEANSCORE	A	2009	517
Switzerland	PISASCIENCE	TOT	MEANSCORE	A	2012	515
Switzerland	PISASCIENCE	TOT	MEANSCORE	A	2015	506
Turkey	PISASCIENCE	TOT	MEANSCORE	A	2006	424
Turkey	PISASCIENCE	TOT	MEANSCORE	A	2009	454
Turkey	PISASCIENCE	TOT	MEANSCORE	A	2012	463
Turkey	PISASCIENCE	TOT	MEANSCORE	A	2015	425
United Kingdom	PISASCIENCE	TOT	MEANSCORE	A	2006	515
United Kingdom	PISASCIENCE	TOT	MEANSCORE	A	2009	514
United Kingdom	PISASCIENCE	TOT	MEANSCORE	A	2012	514
United Kingdom	PISASCIENCE	TOT	MEANSCORE	A	2015	509
United States	PISASCIENCE	TOT	MEANSCORE	A	2006	489
United States	PISASCIENCE	TOT	MEANSCORE	A	2009	502
United States	PISASCIENCE	TOT	MEANSCORE	A	2012	497
United States	PISASCIENCE	TOT	MEANSCORE	A	2015	496
Brazil	PISASCIENCE	TOT	MEANSCORE	A	2006	390
Brazil	PISASCIENCE	TOT	MEANSCORE	A	2009	405
Brazil	PISASCIENCE	TOT	MEANSCORE	A	2012	402
Brazil	PISASCIENCE	TOT	MEANSCORE	A	2015	401
Chile	PISASCIENCE	TOT	MEANSCORE	A	2006	438
Chile	PISASCIENCE	TOT	MEANSCORE	A	2009	447
Chile	PISASCIENCE	TOT	MEANSCORE	A	2012	445
Chile	PISASCIENCE	TOT	MEANSCORE	A	2015	447
Estonia	PISASCIENCE	TOT	MEANSCORE	A	2006	531
Estonia	PISASCIENCE	TOT	MEANSCORE	A	2009	528
Estonia	PISASCIENCE	TOT	MEANSCORE	A	2012	541
Estonia	PISASCIENCE	TOT	MEANSCORE	A	2015	534
Indonesia	PISASCIENCE	TOT	MEANSCORE	A	2006	393
Indonesia	PISASCIENCE	TOT	MEANSCORE	A	2009	383
Indonesia	PISASCIENCE	TOT	MEANSCORE	A	2012	382
Indonesia	PISASCIENCE	TOT	MEANSCORE	A	2015	403
Israel	PISASCIENCE	TOT	MEANSCORE	A	2006	454
Israel	PISASCIENCE	TOT	MEANSCORE	A	2009	455
Israel	PISASCIENCE	TOT	MEANSCORE	A	2012	470
Israel	PISASCIENCE	TOT	MEANSCORE	A	2015	467
Latvia	PISASCIENCE	TOT	MEANSCORE	A	2006	490
Latvia	PISASCIENCE	TOT	MEANSCORE	A	2009	494
Latvia	PISASCIENCE	TOT	MEANSCORE	A	2012	502
Latvia	PISASCIENCE	TOT	MEANSCORE	A	2015	490
Russia	PISASCIENCE	TOT	MEANSCORE	A	2006	478
Russia	PISASCIENCE	TOT	MEANSCORE	A	2009	486
Russia	PISASCIENCE	TOT	MEANSCORE	A	2012	487
Singapore	PISASCIENCE	BOY	MEANSCORE	A	2015	559
Singapore	PISASCIENCE	GIRL	MEANSCORE	A	2015	552
Slovenia	PISASCIENCE	TOT	MEANSCORE	A	2006	519
Slovenia	PISASCIENCE	TOT	MEANSCORE	A	2009	512
Slovenia	PISASCIENCE	TOT	MEANSCORE	A	2012	514
Slovenia	PISASCIENCE	TOT	MEANSCORE	A	2015	513
OAVG	PISASCIENCE	TOT	MEANSCORE	A	2006	498
OAVG	PISASCIENCE	TOT	MEANSCORE	A	2009	501
OAVG	PISASCIENCE	TOT	MEANSCORE	A	2012	501
OAVG	PISASCIENCE	TOT	MEANSCORE	A	2015	493
Colombia	PISASCIENCE	TOT	MEANSCORE	A	2015	416
Colombia	PISASCIENCE	BOY	MEANSCORE	A	2015	421
Colombia	PISASCIENCE	GIRL	MEANSCORE	A	2015	411
Hong Kong	PISASCIENCE	TOT	MEANSCORE	A	2015	523
Hong Kong	PISASCIENCE	BOY	MEANSCORE	A	2015	523
Hong Kong	PISASCIENCE	GIRL	MEANSCORE	A	2015	524
Peru	PISASCIENCE	TOT	MEANSCORE	A	2015	397
Peru	PISASCIENCE	BOY	MEANSCORE	A	2015	402
Peru	PISASCIENCE	GIRL	MEANSCORE	A	2015	392
Singapore	PISASCIENCE	TOT	MEANSCORE	A	2015	556
Chinese Taipei	PISASCIENCE	TOT	MEANSCORE	A	2015	532
Chinese Taipei	PISASCIENCE	BOY	MEANSCORE	A	2015	535
Chinese Taipei	PISASCIENCE	GIRL	MEANSCORE	A	2015	530
Macauau	PISASCIENCE	TOT	MEANSCORE	A	2015	529
Macauau	PISASCIENCE	BOY	MEANSCORE	A	2015	525
Macauau	PISASCIENCE	GIRL	MEANSCORE	A	2015	532
